,avg_rating,genre,language,num_reviews,premiere,rating_count,title,quarter,year,paid_membership,quarter_revenue,year_quarter,month
292,6.4,Zombie,English,1,2019-04-11,14100,Black Summer,2,2019,151.56,4923.0,2019_02,4
293,6.6,Teen,English,195,2019-04-26,5305,Chambers,2,2019,151.56,4923.0,2019_02,4
294,7.1,Mystery,English,358,2019-05-10,10810,The Society,2,2019,151.56,4923.0,2019_02,5
295,6.3,Social thriller,English,329,2019-05-24,8301,What/If,2,2019,151.56,4923.0,2019_02,5
296,9.1,Drama,English,421,2019-05-31,33956,When They See Us,2,2019,151.56,4923.0,2019_02,5
297,7.2,Coming-of-age,English,44,2019-06-14,2556,Trinkets,2,2019,151.56,4923.0,2019_02,6
298,6.8,Comedy,English,99,2019-04-12,1901,Huge in France,2,2019,151.56,4923.0,2019_02,4
299,6.6,Comedy,English,107,2019-04-19,2237,Lunatics,2,2019,151.56,4923.0,2019_02,4
300,7.5,Sketch comedy,English,92,2019-04-23,2819,I Think You Should Leave with Tim Robinson,2,2019,151.56,4923.0,2019_02,4
301,7.3,Dark comedy,English,129,2019-04-24,7658,Bonding,2,2019,151.56,4923.0,2019_02,4
302,8.2,Dark comedy,English,361,2019-05-03,24373,Dead to Me,2,2019,151.56,4923.0,2019_02,5
303,7.7,Comedy,English,57,2019-05-17,1739,It's Bruno!,2,2019,151.56,4923.0,2019_02,5
304,7.2,Comedy,English,116,2019-06-21,2814,Mr. Iglesias,2,2019,151.56,4923.0,2019_02,6
305,7.4,Comedy,English,54,2019-05-03,2451,Tuca & Bertie,2,2019,151.56,4923.0,2019_02,5
306,7.0,Science fiction,English,42,2019-04-01,1073,Ultraman,2,2019,151.56,4923.0,2019_02,4
307,6.7,Comedy-drama,English,39,2019-05-24,3322,She's Gotta Have It,2,2019,151.56,4923.0,2019_02,5
308,5.5,Sitcom,English,64,2019-04-15,993,No Good Nick,2,2019,151.56,4923.0,2019_02,4
309,7.6,Crime drama,English,154,2019-04-05,10892,Quicksand,2,2019,151.56,4923.0,2019_02,4
310,6.6,Drama,English,8,2019-04-11,410,Persona,2,2019,151.56,4923.0,2019_02,4
311,7.5,Romantic comedy,English,22,2019-04-18,380,My First First Love,2,2019,151.56,4923.0,2019_02,4
312,6.9,Mystery,English,60,2019-05-24,2594,High Seas,2,2019,151.56,4923.0,2019_02,5
313,8.0,Dark comedy,English,88,2019-05-31,8132,How to Sell Drugs Online (Fast),2,2019,151.56,4923.0,2019_02,5
314,3.5,Fantasy,English,537,2019-06-13,8423,Jinn,2,2019,151.56,4923.0,2019_02,6
315,4.2,Fantasy,English,49,2019-06-13,4294,Jinn,2,2019,151.56,4923.0,2019_02,6
316,6.0,Drama,English,7,2019-06-14,221,Yankee,2,2019,151.56,4923.0,2019_02,6
317,4.4,Drama,English,550,2019-06-14,5678,Leila,2,2019,151.56,4923.0,2019_02,6
318,5.8,Thriller,English,10,2019-06-28,268,The Chosen One,2,2019,151.56,4923.0,2019_02,6
319,7.5,Science fiction,English,119,2019-06-07,17626,3%,2,2019,151.56,4923.0,2019_02,6
320,8.7,Science fiction,English,667,2019-06-21,127097,Dark,2,2019,151.56,4923.0,2019_02,6
321,9.3,Nature documentary,English,144,2019-04-05,14626,Our Planet,2,2019,151.56,4923.0,2019_02,4
322,8.1,Culinary art,English,22,2019-04-26,1067,Street Food,2,2019,151.56,4923.0,2019_02,4
323,7.9,Docu-series,English,2,2019-05-17,183,1994,2,2019,151.56,4923.0,2019_02,5
324,7.9,Docu-series,English,9,2019-05-31,626,Killer Ratings,2,2019,151.56,4923.0,2019_02,5
325,8.3,Culinary art,English,19,2019-06-07,1461,The Chef Show,2,2019,151.56,4923.0,2019_02,6
326,6.3,True crime,English,16,2019-06-28,344,Exhibit A,2,2019,151.56,4923.0,2019_02,6
327,7.4,Competition,English,105,2019-05-17,2764,Nailed It!,2,2019,151.56,4923.0,2019_02,5
328,6.8,Reality,English,53,2019-04-10,1480,You vs. Wild,2,2019,151.56,4923.0,2019_02,4
329,5.6,Reality television,English,27,2019-06-14,329,Awake: The Million Dollar Game,2,2019,151.56,4923.0,2019_02,6
330,7.4,Univision,English,5,2019-04-05,205,Tijuana,2,2019,151.56,4923.0,2019_02,4
331,8.1,Talk show,English,71,2019-05-12,3151,Patriot Act with Hasan Minhaj,2,2019,151.56,4923.0,2019_02,5
332,8.2,Fantasy,English,1,2019-05-08,159417,Lucifer,2,2019,151.56,4923.0,2019_02,5
333,6.7,Horror,English,194,2019-05-23,9180,Slasher,2,2019,151.56,4923.0,2019_02,5
334,7.6,Political thriller,English,819,2019-06-07,62182,Designated Survivor,2,2019,151.56,4923.0,2019_02,6
335,6.1,Horror/thriller,English,405,2019-05-24,19927,The Perfection,2,2019,151.56,4923.0,2019_02,5
336,6.9,Romantic comedy,English,267,2019-05-31,28878,Always Be My Maybe,2,2019,151.56,4923.0,2019_02,5
337,6.4,Drama,English,36,2019-06-19,2454,Beats,2,2019,151.56,4923.0,2019_02,6
338,5.5,Comedy,English,289,2019-05-10,13015,Wine Country,2,2019,151.56,4923.0,2019_02,5
339,5.1,Science fiction/adventure,English,538,2019-05-24,12967,Rim of the World,2,2019,151.56,4923.0,2019_02,5
340,5.6,Romantic comedy,English,80,2019-05-03,6856,The Last Summer,2,2019,151.56,4923.0,2019_02,5
341,5.9,Romantic comedy,English,181,2019-04-12,21453,The Perfect Date,2,2019,151.56,4923.0,2019_02,4
342,6.2,Romantic comedy,English,151,2019-04-19,10648,Someone Great,2,2019,151.56,4923.0,2019_02,4
343,6.4,Romance,Spanish,16,2019-06-07,1351,Elisa & Marcela,2,2019,151.56,4923.0,2019_02,6
344,5.0,Science fiction,English,267,2019-05-17,5776,See You Yesterday,2,2019,151.56,4923.0,2019_02,5
345,5.5,Comedy,English,271,2019-04-05,13422,Unicorn Store,2,2019,151.56,4923.0,2019_02,4
346,5.3,Comedy,Spanish,13,2019-05-03,2316,Despite Everything,2,2019,151.56,4923.0,2019_02,5
347,6.5,Comedy,Hindi,70,2019-05-31,2528,Chopsticks,2,2019,151.56,4923.0,2019_02,5
348,5.6,Drama,English,45,2019-05-16,1473,Good Sam,2,2019,151.56,4923.0,2019_02,5
349,5.3,Drama,Spanish,7,2019-04-12,1426,Who Would You Take to a Deserted Island?,2,2019,151.56,4923.0,2019_02,4
239,8.1,Superhero,English,925,2019-02-15,75321,The Umbrella Academy,1,2019,148.86,4521.0,2019_01,2
240,7.0,Supernatural,English,401,2019-03-07,10489,The Order,1,2019,148.86,4521.0,2019_01,3
241,6.5,Thriller,English,25,2019-03-08,565,Shadow,1,2019,148.86,4521.0,2019_01,3
242,8.0,Comedy,English,427,2019-02-01,41947,Russian Doll,1,2019,148.86,4521.0,2019_01,2
243,8.5,Comedy,English,713,2019-03-08,39498,After Life,1,2019,148.86,4521.0,2019_01,3
244,7.2,Comedy,English,97,2019-03-15,5107,Turn Up Charlie,1,2019,148.86,4521.0,2019_01,3
245,8.6,Anthology,English,626,2019-03-15,59956,"Love, Death & Robots",1,2019,148.86,4521.0,2019_01,3
246,7.8,Mockumentary,English,32,2019-03-31,1106,Trailer Park Boys: The Animated Series,1,2019,148.86,4521.0,2019_01,3
247,7.8,Mystery,English,657,2019-03-22,75189,The OA,1,2019,148.86,4521.0,2019_01,3
248,7.8,Black-comedy,English,259,2019-01-01,47451,A Series of Unfortunate Events,1,2019,148.86,4521.0,2019_01,1
249,8.1,Coming-of-age,English,86,2019-03-29,6870,On My Block,1,2019,148.86,4521.0,2019_01,3
250,6.8,Comedy,English,218,2019-01-11,15309,Friends from College,1,2019,148.86,4521.0,2019_01,1
251,7.9,Comedy-horror,English,396,2019-03-29,48061,Santa Clarita Diet,1,2019,148.86,4521.0,2019_01,3
252,8.3,Fantasy,English,194,2019-01-25,10976,Kingdom,1,2019,148.86,4521.0,2019_01,1
253,6.3,Supernatural,English,51,2019-02-01,1247,Always a Witch,1,2019,148.86,4521.0,2019_01,2
254,8.6,Police procedural,English,145,2019-03-22,5512,Delhi Crime,1,2019,148.86,4521.0,2019_01,3
255,7.6,Crime,English,4,2019-03-22,464,Crime Diaries: The Candidate,1,2019,148.86,4521.0,2019_01,3
256,5.9,Science fiction,English,37,2019-03-29,1681,Osmosis,1,2019,148.86,4521.0,2019_01,3
257,8.1,Crime drama,English,38,2019-02-22,7135,Suburra: Blood on Rome,1,2019,148.86,4521.0,2019_01,2
258,7.0,Musical,English,14,2019-02-22,209,Go! Live Your Way,1,2019,148.86,4521.0,2019_01,2
259,7.0,Musical,English,14,2019-02-22,209,Go! Live Your Way,1,2019,148.86,4521.0,2019_01,2
260,7.7,Comedy,English,183,2019-01-25,56168,Unbreakable Kimmy Schmidt,1,2019,148.86,4521.0,2019_01,1
261,6.8,Docu-series,English,18,2019-01-18,878,Trigger Warning with Killer Mike,1,2019,148.86,4521.0,2019_01,1
262,7.8,True crime,English,80,2019-01-24,14942,Conversations with a Killer: The Ted Bundy Tapes,1,2019,148.86,4521.0,2019_01,1
263,8.2,True crime,English,3,2019-01-25,224,Examination of Conscience,1,2019,148.86,4521.0,2019_01,1
264,7.8,Sport,English,12,2019-03-01,903,Losers,1,2019,148.86,4521.0,2019_01,3
265,7.1,Sport,English,5,2019-03-01,319,Cricket Fever: Mumbai Indians,1,2019,148.86,4521.0,2019_01,3
266,8.6,Sport,English,104,2019-03-08,6604,Formula 1: Drive to Survive,1,2019,148.86,4521.0,2019_01,3
267,6.7,True crime,English,76,2019-03-15,4626,The Disappearance of Madeleine McCann,1,2019,148.86,4521.0,2019_01,3
268,6.6,Reality show,English,47,2019-01-01,2029,Tidying Up with Marie Kondo,1,2019,148.86,4521.0,2019_01,1
269,7.4,Reality,English,105,2019-02-08,2764,Nailed It!,1,2019,148.86,4521.0,2019_01,2
270,6.4,Reality,English,19,2019-02-14,553,Dating Around,1,2019,148.86,4521.0,2019_01,2
271,5.3,Reality,English,85,2019-03-22,889,Selling Sunset,1,2019,148.86,4521.0,2019_01,3
272,8.4,Makeover reality,English,90,2019-03-15,10510,Queer Eye,1,2019,148.86,4521.0,2019_01,3
273,7.3,BBC Two,English,87,2019-01-25,2792,Black Earth Rising,1,2019,148.86,4521.0,2019_01,1
274,6.0,Syfy,English,356,2019-02-01,9058,Nightflyers,1,2019,148.86,4521.0,2019_01,2
275,7.1,CBC,English,187,2019-03-01,2167,Northern Rescue,1,2019,148.86,4521.0,2019_01,3
276,6.5,Channel 4,English,53,2019-03-29,1490,Traitors,1,2019,148.86,4521.0,2019_01,3
277,8.1,Talk show,English,71,2019-02-10,3151,Patriot Act with Hasan Minhaj,1,2019,148.86,4521.0,2019_01,2
278,5.3,Drama,Marathi,11,2019-02-22,154,Firebrand,1,2019,148.86,4521.0,2019_01,2
279,6.0,Comedy-drama,Marathi,4,2019-03-29,110,15 August,1,2019,148.86,4521.0,2019_01,3
280,7.2,Crime drama,Hindi,39,2019-01-18,1457,Soni,1,2019,148.86,4521.0,2019_01,1
281,5.6,Comedy,Ibo/English,65,2019-01-04,908,Lionheart,1,2019,148.86,4521.0,2019_01,1
282,6.3,Thriller,English,823,2019-01-25,57499,Polar,1,2019,148.86,4521.0,2019_01,1
283,7.0,Biopic,English,517,2019-03-22,28694,The Dirt,1,2019,148.86,4521.0,2019_01,3
284,6.5,Action/thriller,English,812,2019-03-13,76566,Triple Frontier,1,2019,148.86,4521.0,2019_01,3
285,5.7,Thriller,English,477,2019-02-01,41882,Velvet Buzzsaw,1,2019,148.86,4521.0,2019_01,2
286,7.0,Crime drama,English,349,2019-03-29,47973,The Highwaymen,1,2019,148.86,4521.0,2019_01,3
287,6.2,Sports/drama,English,44,2019-02-08,5031,High Flying Bird,1,2019,148.86,4521.0,2019_01,2
288,7.2,Drama/comedy,English,83,2019-02-22,6448,Paddleton,1,2019,148.86,4521.0,2019_01,2
289,6.4,Drama,English,31,2019-03-08,1195,Walk. Ride. Rodeo.,1,2019,148.86,4521.0,2019_01,3
290,5.6,Comedy-drama,English,70,2019-01-11,3697,The Last Laugh,1,2019,148.86,4521.0,2019_01,1
291,6.0,Drama,English,54,2019-03-08,1607,Juanita,1,2019,148.86,4521.0,2019_01,3
178,8.4,Crime drama,English,184,2018-11-16,35226,Narcos: Mexico,4,2018,139.26,4187.0,2018_04,11
179,7.1,Supernatural,English,137,2018-12-14,5058,Tidelands,4,2018,139.26,4187.0,2018_04,12
180,8.2,Comedy,English,177,2018-11-16,12133,The Kominsky Method,4,2018,139.26,4187.0,2018_04,11
181,8.8,Political drama,English,708,2018-11-02,433959,House of Cards,4,2018,139.26,4187.0,2018_04,11
182,5.7,Superhero,English,40,2018-11-09,1145,Super Drags,4,2018,139.26,4187.0,2018_04,11
183,7.7,Supernatural,English,896,2018-10-26,51584,Chilling Adventures of Sabrina,4,2018,139.26,4187.0,2018_04,10
184,7.7,Supernatural,English,896,2018-10-26,51584,Chilling Adventures of Sabrina,4,2018,139.26,4187.0,2018_04,10
185,8.0,Coming-of-age,English,169,2018-10-05,37088,Big Mouth,4,2018,139.26,4187.0,2018_04,10
186,8.1,Dark fantasy,English,153,2018-10-26,24596,Castlevania,4,2018,139.26,4187.0,2018_04,10
187,8.0,Sitcom,English,93,2018-11-30,21836,F Is for Family,4,2018,139.26,4187.0,2018_04,11
188,7.6,Educational,English,21,2018-11-02,206,Brainchild,4,2018,139.26,4187.0,2018_04,11
189,7.5,Comedy,English,4,2018-10-05,146,YG Future Strategy Office,4,2018,139.26,4187.0,2018_04,10
190,8.6,Crime drama,English,24,2018-10-19,965,Wild District,4,2018,139.26,4187.0,2018_04,10
191,7.1,Spy thriller,English,38,2018-11-30,2918,1983,4,2018,139.26,4187.0,2018_04,11
192,6.8,Drama,English,57,2018-11-30,4018,Baby,4,2018,139.26,4187.0,2018_04,11
193,7.5,Drama,English,52,2018-12-07,6859,Dogs of Berlin,4,2018,139.26,4187.0,2018_04,12
194,7.5,Romantic comedy,English,23,2018-12-07,1983,The Hook Up Plan,4,2018,139.26,4187.0,2018_04,12
195,6.7,Horror,English,37,2018-12-21,1357,Diablero,4,2018,139.26,4187.0,2018_04,12
196,5.8,Sitcom,English,11,2018-11-16,221,Prince of Peoria,4,2018,139.26,4187.0,2018_04,11
197,5.8,Sitcom,English,11,2018-11-16,221,Prince of Peoria,4,2018,139.26,4187.0,2018_04,11
198,7.5,Teen drama,English,42,2018-12-07,1335,Free Rein,4,2018,139.26,4187.0,2018_04,12
199,7.6,Sitcom,English,376,2018-12-07,26966,The Ranch,4,2018,139.26,4187.0,2018_04,12
200,6.9,Sitcom,English,202,2018-12-14,21562,Fuller House,4,2018,139.26,4187.0,2018_04,12
201,5.9,Docu-series,English,32,2018-10-26,256,Terrorism Close Calls,4,2018,139.26,4187.0,2018_04,10
202,8.2,Docu-series,English,13,2018-11-16,797,Dogs,4,2018,139.26,4187.0,2018_04,11
203,5.5,Docu-series,English,5,2018-11-16,316,Vai Anitta,4,2018,139.26,4187.0,2018_04,11
204,7.5,Docu-series,English,5,2018-12-14,267,Inside the Real Narcos,4,2018,139.26,4187.0,2018_04,12
205,8.2,Sport,English,33,2018-12-14,2821,Sunderland 'Til I Die,4,2018,139.26,4187.0,2018_04,12
206,7.4,True crime,English,30,2018-12-14,3444,The Innocent Man,4,2018,139.26,4187.0,2018_04,12
207,6.8,Docu-series,English,12,2018-12-21,347,7 Days Out,4,2018,139.26,4187.0,2018_04,12
208,7.7,Cooking show,English,106,2018-10-12,1820,The Curious Creations of Christine McConnell,4,2018,139.26,4187.0,2018_04,10
209,6.0,Music,English,9,2018-11-09,126,Westside,4,2018,139.26,4187.0,2018_04,11
210,7.7,Culinary competition,English,98,2018-11-20,1906,The Final Table,4,2018,139.26,4187.0,2018_04,11
211,6.2,Reality,English,23,2018-11-30,407,Death by Magic,4,2018,139.26,4187.0,2018_04,11
212,7.1,Panel show,English,32,2018-12-14,1227,The Fix,4,2018,139.26,4187.0,2018_04,12
213,6.4,BBC One,English,3,2018-10-19,100,Wanderlust,4,2018,139.26,4187.0,2018_04,10
214,7.0,BBC One,English,79,2018-10-19,3255,Wanderlust,4,2018,139.26,4187.0,2018_04,10
215,7.3,ABC,English,108,2018-12-07,2684,Pine Gap,4,2018,139.26,4187.0,2018_04,12
216,7.2,BBC One,English,163,2018-12-23,3809,Watership Down,4,2018,139.26,4187.0,2018_04,12
217,8.1,Talk show,English,71,2018-10-28,3151,Patriot Act with Hasan Minhaj,4,2018,139.26,4187.0,2018_04,10
218,8.4,Docu-series,English,7,2018-10-19,1785,Hip-Hop Evolution,4,2018,139.26,4187.0,2018_04,10
219,8.4,Docu-series,English,8,2018-10-19,2418,Hip-Hop Evolution,4,2018,139.26,4187.0,2018_04,10
220,8.2,Science fiction,English,656,2018-12-14,37215,Travelers,4,2018,139.26,4187.0,2018_04,12
221,8.2,Science fiction,English,4,2018-12-14,1426,Travelers,4,2018,139.26,4187.0,2018_04,12
222,8.2,Showcase,English,656,2018-12-14,37215,Travelers,4,2018,139.26,4187.0,2018_04,12
223,8.2,Showcase,English,4,2018-12-14,1426,Travelers,4,2018,139.26,4187.0,2018_04,12
224,7.3,Discovery,English,119,2018-12-07,13211,Frontier,4,2018,139.26,4187.0,2018_04,12
225,5.7,Romantic comedy,English,65,2018-11-02,5539,The Holiday Calendar,4,2018,139.26,4187.0,2018_04,11
226,5.7,Comedy/drama,Hindi,46,2018-11-30,1285,Rajma Chawal,4,2018,139.26,4187.0,2018_04,11
227,6.6,Psychological thriller,English,2,2018-12-21,225210,Bird Box,4,2018,139.26,4187.0,2018_04,12
228,7.3,Western,English,610,2018-11-16,90222,The Ballad of Buster Scruggs,4,2018,139.26,4187.0,2018_04,11
229,6.5,Adventure,English,454,2018-12-07,46382,Mowgli: Legend of the Jungle,4,2018,139.26,4187.0,2018_04,12
230,6.3,Horror/thriller,English,362,2018-10-12,30876,Apostle,4,2018,139.26,4187.0,2018_04,10
231,7.8,Drama,Spanish,1,2018-12-14,109530,Roma,4,2018,139.26,4187.0,2018_04,12
232,7.0,Action/thriller,Indonesian,185,2018-10-19,15000,The Night Comes for Us,4,2018,139.26,4187.0,2018_04,10
233,6.7,Drama,English,163,2018-10-10,20257,22 July,4,2018,139.26,4187.0,2018_04,10
234,6.0,Psychological horror,English,227,2018-11-16,18201,Cam,4,2018,139.26,4187.0,2018_04,11
235,7.3,Drama,English,74,2018-10-05,10484,Private Life,4,2018,139.26,4187.0,2018_04,10
236,7.1,Family film,English,590,2018-11-22,35440,The Christmas Chronicles,4,2018,139.26,4187.0,2018_04,11
237,6.0,Romantic comedy,English,128,2018-11-16,14303,The Princess Switch,4,2018,139.26,4187.0,2018_04,11
238,5.2,Romantic comedy,English,61,2018-11-30,5277,A Christmas Prince: The Royal Wedding,4,2018,139.26,4187.0,2018_04,11
387,6.6,Dark comedy-drama,English,775,2018-08-10,16548,Insatiable,3,2018,130.42,3999.0,2018_03,8
388,7.1,Police procedural,English,192,2018-09-21,3987,The Good Cop,3,2018,130.42,3999.0,2018_03,9
389,7.9,Dark comedy,English,635,2018-09-21,51770,Maniac,3,2018,130.42,3999.0,2018_03,9
390,7.2,Medieval fantasy,English,420,2018-08-17,29778,Disenchantment,3,2018,130.42,3999.0,2018_03,8
391,7.0,Comedy,English,151,2018-08-31,8300,Paradise PD,3,2018,130.42,3999.0,2018_03,8
392,8.1,Comedy-drama,English,331,2018-07-27,257345,Orange Is the New Black,3,2018,130.42,3999.0,2018_03,7
393,8.3,Crime drama,English,562,2018-08-31,109486,Ozark,3,2018,130.42,3999.0,2018_03,8
394,8.9,Drama,English,509,2018-07-06,55236,Sacred Games,3,2018,130.42,3999.0,2018_03,7
395,7.2,Science fiction,English,15,2018-08-01,714,Switched,3,2018,130.42,3999.0,2018_03,8
396,6.5,Comedy,English,4,2018-07-06,398,Samantha!,3,2018,130.42,3999.0,2018_03,7
397,6.5,Comedy,English,4,2018-07-06,398,Samantha!,3,2018,130.42,3999.0,2018_03,7
398,7.6,Travel documentary,English,114,2018-07-20,4224,Dark Tourist,3,2018,130.42,3999.0,2018_03,7
399,4.8,Docu-series,English,148,2018-08-10,893,Afflicted,3,2018,130.42,3999.0,2018_03,8
400,8.1,Travel documentary,English,64,2018-07-06,1776,Somebody Feed Phil,3,2018,130.42,3999.0,2018_03,7
401,7.0,Baking competition,English,35,2018-07-13,588,Sugar Rush,3,2018,130.42,3999.0,2018_03,7
402,6.7,Reality,English,4,2018-07-20,439,Amazing Interiors,3,2018,130.42,3999.0,2018_03,7
403,7.1,Reality,English,126,2018-08-17,1872,Magic for Humans,3,2018,130.42,3999.0,2018_03,8
404,4.6,Docu-series,English,21,2018-08-23,542,Follow This,3,2018,130.42,3999.0,2018_03,8
405,4.6,Docu-series,English,21,2018-08-23,542,Follow This,3,2018,130.42,3999.0,2018_03,8
406,4.6,Docu-series,English,21,2018-08-23,542,Follow This,3,2018,130.42,3999.0,2018_03,8
407,7.6,Reality,English,37,2018-08-17,521,Stay Here,3,2018,130.42,3999.0,2018_03,8
408,8.8,Talk show,English,88,2018-09-14,2478,Norm Macdonald Has a Show,3,2018,130.42,3999.0,2018_03,9
409,7.9,Univision,English,63,2018-07-09,10409,El Chapo,3,2018,130.42,3999.0,2018_03,7
410,5.3,Thriller,French,6,2018-09-07,710,The Most Assassinated Woman in the World,3,2018,130.42,3999.0,2018_03,9
411,7.2,Romantic comedy,English,363,2018-08-17,64787,To All the Boys I've Loved Before,3,2018,130.42,3999.0,2018_03,8
412,5.9,Romantic comedy,English,351,2018-09-07,27916,Sierra Burgess Is a Loser,3,2018,130.42,3999.0,2018_03,9
413,5.6,Thriller,English,709,2018-09-28,27338,Hold the Dark,3,2018,130.42,3999.0,2018_03,9
414,5.0,Action thriller,English,1,2018-07-13,36969,How It Ends,3,2018,130.42,3999.0,2018_03,7
415,5.8,Science fiction-/thriller,English,780,2018-07-27,37992,Extinction,3,2018,130.42,3999.0,2018_03,7
416,5.5,Black comedy,English,144,2018-08-10,10606,The Package,3,2018,130.42,3999.0,2018_03,8
417,5.2,Comedy,English,151,2018-07-20,7877,Father of the Year,3,2018,130.42,3999.0,2018_03,7
418,6.7,Spy/Thriller,English/Arabic/Hebrew,119,2018-09-14,8457,The Angel,3,2018,130.42,3999.0,2018_03,9
419,6.1,Comedy,English,192,2018-08-03,15694,Like Father,3,2018,130.42,3999.0,2018_03,8
420,6.6,Animation/Action/Science fiction,English,273,2018-09-07,11033,Next Gen,3,2018,130.42,3999.0,2018_03,9
421,5.8,Comedy,English,53,2018-08-24,3104,The After Party,3,2018,130.42,3999.0,2018_03,8
422,6.4,Comedy/drama,English,61,2018-09-21,6414,Nappily Ever After,3,2018,130.42,3999.0,2018_03,9
423,6.2,Drama,English,43,2018-09-14,4502,The Land of Steady Habits,3,2018,130.42,3999.0,2018_03,9
424,5.5,Adventure/Comedy,English,47,2018-07-06,2931,The Legacy of a Whitetail Deer Hunter,3,2018,130.42,3999.0,2018_03,7
137,7.2,Science fiction,English,1,2018-04-13,51284,Lost in Space,2,2018,124.35,3907.0,2018_02,4
138,8.4,Science fiction,English,734,2018-06-08,125118,Sense8,2,2018,124.35,3907.0,2018_02,6
139,8.0,Teen drama,English,1,2018-05-18,215309,13 Reasons Why,2,2018,124.35,3907.0,2018_02,5
140,6.7,Martial arts,English,59,2018-06-25,1627,Baki,2,2018,124.35,3907.0,2018_02,6
141,6.7,Martial arts,English,59,2018-06-25,1627,Baki,2,2018,124.35,3907.0,2018_02,6
142,8.1,Comedy,English,33,2018-04-20,3111,Aggretsuko,2,2018,124.35,3907.0,2018_02,4
143,8.1,Comedy,English,33,2018-04-20,3111,Aggretsuko,2,2018,124.35,3907.0,2018_02,4
144,6.6,Educational,English,49,2018-05-11,425,The Who Was? Show,2,2018,124.35,3907.0,2018_02,5
145,8.1,Comedy,English,114,2018-06-29,31069,GLOW,2,2018,124.35,3907.0,2018_02,6
146,6.3,Satire,English,267,2018-05-04,18729,Dear White People,2,2018,124.35,3907.0,2018_02,5
147,7.5,Science fiction,English,119,2018-04-27,17626,3%,2,2018,124.35,3907.0,2018_02,4
148,8.2,History,English,6,2018-04-27,951,Bobby Kennedy for President,2,2018,124.35,3907.0,2018_02,4
149,7.6,Sitcom,English,376,2018-06-15,26966,The Ranch,2,2018,124.35,3907.0,2018_02,6
150,7.7,Comedy,English,183,2018-05-30,56168,Unbreakable Kimmy Schmidt,2,2018,124.35,3907.0,2018_02,5
151,7.6,True crime,English,58,2018-05-11,15324,Evil Genius: The True Story of America's Most Diabolical Bank Heist,2,2018,124.35,3907.0,2018_02,5
152,7.9,Docu-series,English,33,2018-05-23,2609,Explained,2,2018,124.35,3907.0,2018_02,5
153,5.0,Cooking show,English,30,2018-06-22,330,Cooking on High,2,2018,124.35,3907.0,2018_02,6
154,7.4,Competition,English,105,2018-06-29,2764,Nailed It!,2,2018,124.35,3907.0,2018_02,6
155,6.1,Variety show,English,9,2018-05-04,198,A Little Help with Carol Burnett,2,2018,124.35,3907.0,2018_02,5
156,5.2,Late-night,English,65,2018-05-27,1687,The Break with Michelle Wolf,2,2018,124.35,3907.0,2018_02,5
157,6.7,ABC,English,103,2018-04-27,2218,The New Legends of Monkey,2,2018,124.35,3907.0,2018_02,4
158,8.4,Makeover reality,English,90,2018-06-15,10510,Queer Eye,2,2018,124.35,3907.0,2018_02,6
159,6.3,Channel 4,English,61,2018-06-29,2662,Kiss Me First,2,2018,124.35,3907.0,2018_02,6
160,3.6,Science,English,249,2018-05-11,6472,Bill Nye Saves the World,2,2018,124.35,3907.0,2018_02,5
161,8.0,Docu-series,English,110,2018-06-08,13347,The Staircase,2,2018,124.35,3907.0,2018_02,6
162,5.2,Romantic comedy,French,16,2018-06-24,1042,"To Each, Her Own",2,2018,124.35,3907.0,2018_02,6
163,6.2,Drama,Italian,4,2018-05-04,981,Forgive Us Our Debts,2,2018,124.35,3907.0,2018_02,5
164,6.1,Romantic comedy,English,501,2018-05-11,45708,The Kissing Booth,2,2018,124.35,3907.0,2018_02,5
165,5.1,Comedy,English,250,2018-04-27,14381,The Week Of,2,2018,124.35,3907.0,2018_02,4
166,6.5,Romantic comedy,English,121,2018-06-15,33025,Set It Up,2,2018,124.35,3907.0,2018_02,6
167,5.2,Comedy,English,226,2018-05-25,12986,Ibiza,2,2018,124.35,3907.0,2018_02,5
168,6.3,Drama/Horror,English,235,2018-05-18,27987,Cargo,2,2018,124.35,3907.0,2018_02,5
169,5.1,Teen/comedy-drama,English,86,2018-04-20,5218,Dude,2,2018,124.35,3907.0,2018_02,4
170,6.7,Thriller,English,192,2018-06-29,15871,Calibre,2,2018,124.35,3907.0,2018_02,6
171,6.3,Teen/comedy,English,80,2018-06-08,11673,Alex Strangelove,2,2018,124.35,3907.0,2018_02,6
172,6.6,Drama,Hindi,71,2018-06-15,7859,Lust Stories,2,2018,124.35,3907.0,2018_02,6
173,6.0,Biopic,English,29,2018-04-13,1554,Come Sunday,2,2018,124.35,3907.0,2018_02,4
174,6.4,Romantic comedy,French,75,2018-04-13,9146,I Am Not an Easy Man,2,2018,124.35,3907.0,2018_02,4
175,5.9,Sports/drama,English,21,2018-04-06,2842,Amateur,2,2018,124.35,3907.0,2018_02,4
176,5.8,Comedy,English,29,2018-04-27,3501,Candy Jar,2,2018,124.35,3907.0,2018_02,4
177,5.8,Drama,English,27,2018-04-06,2979,6 Balloons,2,2018,124.35,3907.0,2018_02,4
93,8.2,Science fiction,English,540,2018-02-02,104909,Altered Carbon,1,2018,118.9,3701.0,2018_01,2
94,7.7,Crime drama,English,170,2018-02-23,10534,Seven Seconds,1,2018,118.9,3701.0,2018_01,2
95,7.5,Coming-of-age,English,114,2018-02-16,12161,Everything Sucks!,1,2018,118.9,3701.0,2018_01,2
96,7.2,Suspense,English,15,2018-03-02,2560,B: The Beginning,1,2018,118.9,3701.0,2018_01,3
97,7.2,Musical,English,3,2018-03-31,169,Lost Song,1,2018,118.9,3701.0,2018_01,3
98,7.8,Black-comedy,English,259,2018-03-30,47451,A Series of Unfortunate Events,1,2018,118.9,3701.0,2018_01,3
99,7.7,Romantic comedy,English,163,2018-03-09,32027,Love,1,2018,118.9,3701.0,2018_01,3
100,6.0,Supernatural,English,6,2018-03-23,577,Sword Gai: The Animation,1,2018,118.9,3701.0,2018_01,3
101,6.0,Supernatural,English,6,2018-03-23,577,Sword Gai: The Animation,1,2018,118.9,3701.0,2018_01,3
102,8.1,Coming-of-age,English,86,2018-03-16,6870,On My Block,1,2018,118.9,3701.0,2018_01,3
103,4.8,Drama,English,6,2018-03-16,500,Edha,1,2018,118.9,3701.0,2018_01,3
104,7.9,Comedy-horror,English,396,2018-03-23,48061,Santa Clarita Diet,1,2018,118.9,3701.0,2018_01,3
105,7.3,Sitcom,English,40,2018-03-23,1659,Alexa & Katie,1,2018,118.9,3701.0,2018_01,3
106,7.3,Sitcom,English,40,2018-03-23,1659,Alexa & Katie,1,2018,118.9,3701.0,2018_01,3
107,8.2,Documentary,English,28,2018-01-26,4858,Dirty Money,1,2018,118.9,3701.0,2018_01,1
108,7.8,Travel documentary,English,34,2018-02-23,1854,Ugly Delicious,1,2018,118.9,3701.0,2018_01,2
109,8.0,Documentary,English,36,2018-03-02,2556,Flint Town,1,2018,118.9,3701.0,2018_01,3
110,8.2,Documentary,English,125,2018-03-16,16832,Wild Wild Country,1,2018,118.9,3701.0,2018_01,3
111,7.3,Documentary,English,6,2018-03-30,387,Rapture,1,2018,118.9,3701.0,2018_01,3
112,8.1,Travel documentary,English,64,2018-01-12,1776,Somebody Feed Phil,1,2018,118.9,3701.0,2018_01,1
113,7.5,Sport,English,6,2018-02-16,1379,First Team: Juventus,1,2018,118.9,3701.0,2018_01,2
114,7.5,Sport,English,6,2018-02-16,1379,First Team: Juventus,1,2018,118.9,3701.0,2018_01,2
115,7.4,Competition,English,105,2018-03-09,2764,Nailed It!,1,2018,118.9,3701.0,2018_01,3
116,8.1,Channel 4,English,224,2018-01-05,95398,The End of the F***ing World,1,2018,118.9,3701.0,2018_01,1
117,6.8,BBC Two,English,112,2018-03-09,9733,Collateral,1,2018,118.9,3701.0,2018_01,3
118,6.5,BBC One,English,120,2018-03-23,4506,Requiem,1,2018,118.9,3701.0,2018_01,3
119,8.4,Makeover reality,English,90,2018-02-07,10510,Queer Eye,1,2018,118.9,3701.0,2018_01,2
120,7.3,Comedy,English,26,2018-02-18,1838,The Joel McHale Show with Joel McHale,1,2018,118.9,3701.0,2018_01,2
121,7.3,Comedy,English,26,2018-02-18,1838,The Joel McHale Show with Joel McHale,1,2018,118.9,3701.0,2018_01,2
122,8.0,Interview,English,24,2018-01-12,3397,My Next Guest Needs No Introduction with David Letterman,1,2018,118.9,3701.0,2018_01,1
123,8.0,Interview,English,24,2018-01-12,3397,My Next Guest Needs No Introduction with David Letterman,1,2018,118.9,3701.0,2018_01,1
124,5.5,Romantic comedy,French,2,2018-01-24,288,Blockbuster,1,2018,118.9,3701.0,2018_01,1
125,6.2,Biopic,English,18,2018-03-23,2213,Roxanne Roxanne,1,2018,118.9,3701.0,2018_01,3
126,5.7,Romantic comedy,English,33,2018-03-30,3063,Happy Anniversary,1,2018,118.9,3701.0,2018_01,3
127,6.3,Sports/drama,English,12,2018-03-30,1578,First Match,1,2018,118.9,3701.0,2018_01,3
128,5.6,Science fiction,English,605,2018-02-04,84135,The Cloverfield Paradox,1,2018,118.9,3701.0,2018_01,2
129,6.3,Crime drama,English,167,2018-03-09,16419,The Outsider,1,2018,118.9,3701.0,2018_01,3
130,5.4,Science fiction/Mystery,English,227,2018-02-23,25666,Mute,1,2018,118.9,3701.0,2018_01,2
131,5.4,Action/Comedy,English,206,2018-03-23,21822,"Game Over, Man!",1,2018,118.9,3701.0,2018_01,3
132,3.3,Horror/thriller,English,1,2018-01-19,25620,The Open House,1,2018,118.9,3701.0,2018_01,1
133,6.8,Biographical/Comedy,English,43,2018-01-26,10902,A Futile and Stupid Gesture,1,2018,118.9,3701.0,2018_01,1
134,6.4,Drama,English,39,2018-02-16,6244,Irreplaceable You,1,2018,118.9,3701.0,2018_01,2
135,5.4,Comedy,English,35,2018-01-19,3395,Step Sisters,1,2018,118.9,3701.0,2018_01,1
136,5.9,Comedy-drama,English,37,2018-01-12,7295,The Polka King,1,2018,118.9,3701.0,2018_01,1
61,8.5,Crime drama,English,299,2017-10-13,124268,Mindhunter,4,2017,110.64,3286.0,2017_04,10
62,8.3,Western,English,229,2017-11-22,39539,Godless,4,2017,110.64,3286.0,2017_04,11
63,8.9,Science fiction,English,1,2017-10-27,631000,Stranger Things,4,2017,110.64,3286.0,2017_04,10
64,6.7,Comedy-drama,English,39,2017-11-23,3322,She's Gotta Have It,4,2017,110.64,3286.0,2017_04,11
65,8.1,Crime drama,English,38,2017-10-06,7135,Suburra: Blood on Rome,4,2017,110.64,3286.0,2017_04,10
66,8.7,Science fiction,English,667,2017-12-01,127097,Dark,4,2017,110.64,3286.0,2017_04,12
67,8.1,True crime,English,17,2017-11-17,1253,Shot in the Dark,4,2017,110.64,3286.0,2017_04,11
68,7.0,Psychological,English,48,2017-12-15,2940,Wormwood,4,2017,110.64,3286.0,2017_04,12
69,6.9,Nature,English,9,2017-12-22,217,72 Dangerous Animals: Latin America,4,2017,110.64,3286.0,2017_04,12
70,7.6,Sitcom,English,376,2017-12-15,26966,The Ranch,4,2017,110.64,3286.0,2017_04,12
71,6.9,Sitcom,English,202,2017-12-22,21562,Fuller House,4,2017,110.64,3286.0,2017_04,12
72,8.6,Crime drama,English,634,2017-11-17,152200,The Punisher,4,2017,110.64,3286.0,2017_04,11
73,8.6,Crime drama,English,634,2017-11-17,152200,The Punisher,4,2017,110.64,3286.0,2017_04,11
74,8.5,Documentary,English,20,2017-12-22,3336,The Toys That Made Us,4,2017,110.64,3286.0,2017_04,12
75,8.5,Documentary,English,20,2017-12-22,3336,The Toys That Made Us,4,2017,110.64,3286.0,2017_04,12
76,7.6,Aftershow,English,4,2017-10-27,1522,Beyond Stranger Things,4,2017,110.64,3286.0,2017_04,10
77,7.8,CBC,English,58,2017-11-03,19028,Alias Grace,4,2017,110.64,3286.0,2017_04,11
78,3.6,Science,English,249,2017-12-29,6472,Bill Nye Saves the World,4,2017,110.64,3286.0,2017_04,12
79,7.5,Paranormal-drama,English,94,2017-11-28,10322,Glitch,4,2017,110.64,3286.0,2017_04,11
80,8.2,Showcase,English,656,2017-10-16,37215,Travelers,4,2017,110.64,3286.0,2017_04,10
81,8.2,Showcase,English,4,2017-10-16,1426,Travelers,4,2017,110.64,3286.0,2017_04,10
82,7.3,Discovery,English,119,2017-10-18,13211,Frontier,4,2017,110.64,3286.0,2017_04,10
83,8.3,BBC America,English,197,2017-10-14,35592,Dirk Gently's Holistic Detective Agency,4,2017,110.64,3286.0,2017_04,10
84,6.0,Western,Portuguese,16,2017-11-10,1696,The Killer,4,2017,110.64,3286.0,2017_04,11
85,5.7,Romantic/drama,English,38,2017-12-15,6640,Christmas Inheritance,4,2017,110.64,3286.0,2017_04,12
86,6.4,Urban fantasy,English,875,2017-12-22,149372,Bright,4,2017,110.64,3286.0,2017_04,12
87,6.3,Teen/horror-comedy,English,200,2017-10-13,47210,The Babysitter,4,2017,110.64,3286.0,2017_04,10
88,6.3,Horror/crime drama,English,148,2017-10-20,38000,1922,4,2017,110.64,3286.0,2017_04,10
89,6.9,Comedy-drama,English,107,2017-10-13,30452,The Meyerowitz Stories (New and Selected),4,2017,110.64,3286.0,2017_04,10
90,6.4,Action/thriller,English,93,2017-10-20,14241,Wheelman,4,2017,110.64,3286.0,2017_04,10
91,5.6,Dark comedy,English,49,2017-12-08,5862,El Camino Christmas,4,2017,110.64,3286.0,2017_04,12
92,5.7,Romantic comedy,English,83,2017-11-17,12100,A Christmas Prince,4,2017,110.64,3286.0,2017_04,11
350,8.4,Superhero,English,6,2017-08-18,3335,The Defenders,3,2017,104.02,2985.0,2017_03,8
351,7.4,Superhero,English,299,2017-08-18,77300,The Defenders,3,2017,104.02,2985.0,2017_03,8
352,6.9,Satirical comedy,English,19,2017-08-04,5804,Wet Hot American Summer: Ten Years Later,3,2017,104.02,2985.0,2017_03,8
353,8.8,Crime drama,English,278,2017-09-01,300082,Narcos,3,2017,104.02,2985.0,2017_03,9
354,8.3,Crime drama,English,562,2017-07-21,109486,Ozark,3,2017,104.02,2985.0,2017_03,7
355,8.0,Coming-of-age,English,169,2017-09-29,37088,Big Mouth,3,2017,104.02,2985.0,2017_03,9
356,5.8,Science fantasy,English,76,2017-09-22,2658,Neo Yokio,3,2017,104.02,2985.0,2017_03,9
357,5.8,Science fantasy,English,76,2017-09-22,2658,Neo Yokio,3,2017,104.02,2985.0,2017_03,9
358,8.1,Dark fantasy,English,153,2017-07-07,24596,Castlevania,3,2017,104.02,2985.0,2017_03,7
359,8.2,Mockumentary,English,116,2017-09-15,22897,American Vandal,3,2017,104.02,2985.0,2017_03,9
360,8.2,Mockumentary,English,116,2017-09-15,22897,American Vandal,3,2017,104.02,2985.0,2017_03,9
361,6.7,Comedy,English,157,2017-08-25,7537,Disjointed,3,2017,104.02,2985.0,2017_03,8
362,6.7,Comedy,English,157,2017-08-25,7537,Disjointed,3,2017,104.02,2985.0,2017_03,8
363,8.3,Coming-of-age,English,204,2017-08-11,38003,Atypical,3,2017,104.02,2985.0,2017_03,8
364,8.3,Coming-of-age,English,204,2017-08-11,38003,Atypical,3,2017,104.02,2985.0,2017_03,8
365,6.8,Comedy,English,218,2017-07-14,15309,Friends from College,3,2017,104.02,2985.0,2017_03,7
366,7.5,Science fiction,English,25,2017-09-08,3819,Greenhouse Academy,3,2017,104.02,2985.0,2017_03,9
367,7.5,Science fiction,English,25,2017-09-08,3819,Greenhouse Academy,3,2017,104.02,2985.0,2017_03,9
368,8.4,Documentary,English,6,2017-07-28,537,Daughters of Destiny,3,2017,104.02,2985.0,2017_03,7
369,6.7,Miniseries,English,2,2017-09-08,266,Fire Chasers,3,2017,104.02,2985.0,2017_03,9
370,6.9,Sitcom,English,202,2017-09-22,21562,Fuller House,3,2017,104.02,2985.0,2017_03,9
371,7.6,Travel documentary,English,25,2017-09-22,2278,Jack Whitehall: Travels with My Father,3,2017,104.02,2985.0,2017_03,9
372,7.6,Travel documentary,English,25,2017-09-22,2278,Jack Whitehall: Travels with My Father,3,2017,104.02,2985.0,2017_03,9
373,7.6,True crime,English,30,2017-09-08,3636,The Confession Tapes,3,2017,104.02,2985.0,2017_03,9
374,7.6,True crime,English,30,2017-09-08,3636,The Confession Tapes,3,2017,104.02,2985.0,2017_03,9
375,7.7,TV Tokyo,English,9,2017-07-07,440,Kantaro: The Sweet Tooth Salaryman,3,2017,104.02,2985.0,2017_03,7
376,7.9,Univision,English,63,2017-09-17,10409,El Chapo,3,2017,104.02,2985.0,2017_03,9
377,6.5,Comedy,English,28,2017-07-28,5176,The Incredible Jessica James,3,2017,104.02,2985.0,2017_03,7
378,4.5,Horror/thriller,English,961,2017-08-25,67471,Death Note,3,2017,104.02,2985.0,2017_03,8
379,6.8,Drama,English,82,2017-07-14,33304,To the Bone,3,2017,104.02,2985.0,2017_03,7
380,5.4,Comedy,English,57,2017-08-11,14387,Naked,3,2017,104.02,2985.0,2017_03,8
381,5.7,Horror-comedy,English,77,2017-09-01,16112,Little Evil,3,2017,104.02,2985.0,2017_03,9
382,7.2,Drama,English/Khmer,67,2017-09-15,10733,First They Killed My Father,3,2017,104.02,2985.0,2017_03,9
383,6.9,Romance,English,78,2017-09-29,8687,Our Souls at Night,3,2017,104.02,2985.0,2017_03,9
384,5.3,Comedy,English,43,2017-09-08,4525,#REALITYHIGH,3,2017,104.02,2985.0,2017_03,9
34,6.9,Psychological thriller,English,136,2017-06-30,11950,Gypsy,2,2017,99.04,2785.0,2017_02,6
35,7.1,Comedy,English,105,2017-04-21,13395,Girlboss,2,2017,99.04,2785.0,2017_02,4
36,8.8,Political drama,English,708,2017-05-30,433959,House of Cards,2,2017,99.04,2785.0,2017_02,5
37,8.1,Comedy-drama,English,331,2017-06-09,257345,Orange Is the New Black,2,2017,99.04,2785.0,2017_02,6
38,8.0,Thriller,English,224,2017-05-26,39169,Bloodline,2,2017,99.04,2785.0,2017_02,5
39,8.4,Science fiction,English,734,2017-05-05,125118,Sense8,2,2017,99.04,2785.0,2017_02,5
40,8.1,Comic science fiction,English,62,2017-04-14,2765,Mystery Science Theater 3000: The Return,2,2017,99.04,2785.0,2017_02,4
41,8.1,Comic science fiction,English,62,2017-04-14,2765,Mystery Science Theater 3000: The Return,2,2017,99.04,2785.0,2017_02,4
42,8.0,Sitcom,English,93,2017-05-30,21836,F Is for Family,2,2017,99.04,2785.0,2017_02,5
43,8.1,Comedy,English,114,2017-06-23,31069,GLOW,2,2017,99.04,2785.0,2017_02,6
44,6.3,Satire,English,267,2017-04-28,18729,Dear White People,2,2017,99.04,2785.0,2017_02,4
45,6.6,Documentary,English,3,2017-04-21,1553,Hot Girls Wanted: Turned On,2,2017,99.04,2785.0,2017_02,4
46,8.2,Crime drama,English,77,2017-05-19,13695,The Keepers,2,2017,99.04,2785.0,2017_02,5
47,7.6,Sitcom,English,376,2017-06-16,26966,The Ranch,2,2017,99.04,2785.0,2017_02,6
48,7.7,Comedy,English,183,2017-05-19,56168,Unbreakable Kimmy Schmidt,2,2017,99.04,2785.0,2017_02,5
49,3.6,Science,English,249,2017-04-21,6472,Bill Nye Saves the World,2,2017,99.04,2785.0,2017_02,4
50,7.9,Univision,English,63,2017-04-23,10409,El Chapo,2,2017,99.04,2785.0,2017_02,4
51,6.7,Anime/Science fiction,Japanese,34,2017-05-20,5749,Blame!,2,2017,99.04,2785.0,2017_02,5
52,7.3,Science fiction/Adventure,English/Korean,264,2017-06-28,73026,Okja,2,2017,99.04,2785.0,2017_02,6
53,6.0,War/comedy,English,167,2017-05-26,35164,War Machine,2,2017,99.04,2785.0,2017_02,5
54,6.3,War film,English,56,2017-04-21,15365,Sand Castle,2,2017,99.04,2785.0,2017_02,4
55,6.2,Crime/thriller,English,41,2017-06-09,8712,Shimmer Lake,2,2017,99.04,2785.0,2017_02,6
56,5.1,Comedy,English,115,2017-04-14,12211,Sandy Wexler,2,2017,99.04,2785.0,2017_02,4
57,5.8,Dark comedy,English,30,2017-04-28,5605,Small Crimes,2,2017,99.04,2785.0,2017_02,4
58,6.5,Romance,English,14,2017-04-21,3520,Tramps,2,2017,99.04,2785.0,2017_02,4
59,5.3,Comedy,English,43,2017-05-05,3219,Handsome: A Netflix Mystery Movie,2,2017,99.04,2785.0,2017_02,5
60,6.2,Comedy,English,22,2017-04-07,6931,Win It All,2,2017,99.04,2785.0,2017_02,4
529,8.0,Teen drama,English,1,2017-03-31,215309,13 Reasons Why,1,2017,94.36,2637.0,2017_01,3
530,7.8,Black-comedy,English,259,2017-01-13,47451,A Series of Unfortunate Events,1,2017,94.36,2637.0,2017_01,1
531,7.7,Romantic comedy,English,163,2017-03-10,32027,Love,1,2017,94.36,2637.0,2017_01,3
532,8.2,Educational,English,7,2017-03-17,257,Julie's Greenroom,1,2017,94.36,2637.0,2017_01,3
533,7.9,Comedy-horror,English,396,2017-02-03,48061,Santa Clarita Diet,1,2017,94.36,2637.0,2017_01,2
534,8.4,Biography,English,6,2017-02-10,3423,Abstract: The Art of Design,1,2017,94.36,2637.0,2017_01,2
535,8.4,Historical drama,English,12,2017-03-31,2840,Five Came Back,1,2017,94.36,2637.0,2017_01,3
536,7.3,Political drama,English,26,2017-03-24,2124,Ingobernable,1,2017,94.36,2637.0,2017_01,3
537,7.3,Political drama,English,26,2017-03-24,2124,Ingobernable,1,2017,94.36,2637.0,2017_01,3
538,8.3,Kyodo Television,English,17,2017-03-17,1216,Samurai Gourmet,1,2017,94.36,2637.0,2017_01,3
539,8.4,Period drama,English,418,2017-03-16,55066,The Last Kingdom,1,2017,94.36,2637.0,2017_01,3
540,8.1,Comedy,English,56,2017-01-05,8656,Comedians in Cars Getting Coffee,1,2017,94.36,2637.0,2017_01,1
541,4.8,Heist film,English,17,2017-01-06,2123,Coin Heist,1,2017,94.36,2637.0,2017_01,1
542,5.2,Comedy,English,20,2017-02-14,2960,Girlfriend's Day,1,2017,94.36,2637.0,2017_01,2
543,6.1,Drama,English,9,2017-03-17,1346,Deidra & Laney Rob a Train,1,2017,94.36,2637.0,2017_01,3
544,4.8,Comedy,English,14,2017-01-20,2343,Take the 10,1,2017,94.36,2637.0,2017_01,1
545,6.1,Drama,English,16,2017-03-10,2277,Burning Sands,1,2017,94.36,2637.0,2017_01,3
546,6.8,Drama,English,8,2017-02-03,3361,Imperial Dreams,1,2017,94.36,2637.0,2017_01,2
547,6.0,Science fiction/Thriller,English,62,2017-01-27,17065,iBoy,1,2017,94.36,2637.0,2017_01,1
548,6.3,Science fiction/Drama,English,98,2017-03-31,24863,The Discovery,1,2017,94.36,2637.0,2017_01,3
549,5.1,Thriller,English,52,2017-01-13,5258,Clinical,1,2017,94.36,2637.0,2017_01,1
550,6.1,Biopic,English,19,2017-03-24,3580,The Most Hated Woman in America,1,2017,94.36,2637.0,2017_01,3
0,7.8,Family drama,English,175,2016-11-25,24341,Gilmore Girls: A Year in the Life,4,2016,89.09,2478.0,2016_04,11
1,8.4,Science fiction,English,734,2016-12-23,125118,Sense8,4,2016,89.09,2478.0,2016_04,12
2,7.8,Mystery,English,657,2016-12-16,75189,The OA,4,2016,89.09,2478.0,2016_04,12
3,8.7,Historical drama,English,179,2016-11-04,84524,The Crown,4,2016,89.09,2478.0,2016_04,11
4,8.7,Historical drama,English,179,2016-11-04,84524,The Crown,4,2016,89.09,2478.0,2016_04,11
5,6.0,Crime drama,English,5,2016-11-11,290,Estocolmo,4,2016,89.09,2478.0,2016_04,11
6,7.0,Documentary,English,4,2016-12-09,444,Captive,4,2016,89.09,2478.0,2016_04,12
7,7.5,Science fiction,English,119,2016-11-25,17626,3%,4,2016,89.09,2478.0,2016_04,11
8,7.6,Sitcom,English,376,2016-10-07,26966,The Ranch,4,2016,89.09,2478.0,2016_04,10
9,6.9,Sitcom,English,202,2016-12-09,21562,Fuller House,4,2016,89.09,2478.0,2016_04,12
10,6.9,Historical drama,English,73,2016-11-11,3455,Roman Empire,4,2016,89.09,2478.0,2016_04,11
11,6.9,Historical drama,English,73,2016-11-11,3455,Roman Empire,4,2016,89.09,2478.0,2016_04,11
12,6.9,Historical drama,English,73,2016-11-11,3455,Roman Empire,4,2016,89.09,2478.0,2016_04,11
13,7.8,ZDF,English,9,2016-12-08,716,The Cuba Libre Story,4,2016,89.09,2478.0,2016_04,12
14,4.0,ITV,English,26,2016-11-17,2110,Paranoid,4,2016,89.09,2478.0,2016_04,11
15,6.8,ITV,English,80,2016-11-17,5066,Paranoid,4,2016,89.09,2478.0,2016_04,11
16,7.4,E4,English,30,2016-12-16,3647,Crazyhead,4,2016,89.09,2478.0,2016_04,12
17,8.2,Showcase,English,656,2016-10-17,37215,Travelers,4,2016,89.09,2478.0,2016_04,10
18,8.2,Showcase,English,4,2016-10-17,1426,Travelers,4,2016,89.09,2478.0,2016_04,10
19,7.3,Discovery,English,119,2016-11-06,13211,Frontier,4,2016,89.09,2478.0,2016_04,11
20,8.3,BBC America,English,197,2016-10-22,35592,Dirk Gently's Holistic Detective Agency,4,2016,89.09,2478.0,2016_04,10
21,8.1,Comedy,English,43,2016-11-17,12501,Lovesick,4,2016,89.09,2478.0,2016_04,11
22,8.1,Comedy,English,43,2016-11-17,12501,Lovesick,4,2016,89.09,2478.0,2016_04,11
23,7.6,Fuji Television,English,7,2016-11-01,547,Terrace House: Aloha State,4,2016,89.09,2478.0,2016_04,11
24,7.6,Fuji Television,English,7,2016-11-01,547,Terrace House: Aloha State,4,2016,89.09,2478.0,2016_04,11
25,7.6,Fuji Television,English,7,2016-11-01,547,Terrace House: Aloha State,4,2016,89.09,2478.0,2016_04,11
26,7.6,Fuji Television,English,7,2016-11-01,547,Terrace House: Aloha State,4,2016,89.09,2478.0,2016_04,11
27,5.8,Mockumentary,English,29,2016-10-13,6160,Mascots,4,2016,89.09,2478.0,2016_04,10
28,4.2,Thriller,English,33,2016-11-22,2360,Mercy,4,2016,89.09,2478.0,2016_04,11
29,7.3,War film,English,83,2016-10-07,24456,The Siege of Jadotville,4,2016,89.09,2478.0,2016_04,10
30,6.3,Science fiction/Action,English,197,2016-12-09,44056,Spectral,4,2016,89.09,2478.0,2016_04,12
31,4.6,Horror,English,206,2016-10-28,9920,I Am the Pretty Thing That Lives in the House,4,2016,89.09,2478.0,2016_04,10
32,5.9,Action comedy,English,50,2016-11-11,17398,True Memoirs of an International Assassin,4,2016,89.09,2478.0,2016_04,11
33,5.8,Biopic,English,32,2016-12-16,5439,Barry,4,2016,89.09,2478.0,2016_04,12
447,8.9,Science fiction,English,1,2016-07-15,631000,Stranger Things,3,2016,83.28,2290.0,2016_03,7
448,8.8,Crime drama,English,278,2016-09-02,300082,Narcos,3,2016,83.28,2290.0,2016_03,9
449,8.3,Musical drama,English,53,2016-08-12,19564,The Get Down,3,2016,83.28,2290.0,2016_03,8
450,8.3,Musical drama,English,53,2016-08-12,19564,The Get Down,3,2016,83.28,2290.0,2016_03,8
451,8.5,Sport,English,21,2016-07-29,4810,Last Chance U,3,2016,83.28,2290.0,2016_03,7
452,8.5,Sport,English,21,2016-07-29,4810,Last Chance U,3,2016,83.28,2290.0,2016_03,7
453,8.5,Sport,English,21,2016-07-29,4810,Last Chance U,3,2016,83.28,2290.0,2016_03,7
454,8.5,Sport,English,21,2016-07-29,4810,Last Chance U,3,2016,83.28,2290.0,2016_03,7
455,5.6,Comedy,English,13,2016-07-07,1547,Brahman Naman,3,2016,83.28,2290.0,2016_03,7
456,5.0,Thriller,English,65,2016-07-15,3332,Rebirth,3,2016,83.28,2290.0,2016_03,7
457,6.4,Science fiction/Thriller,English,111,2016-09-16,29411,ARQ,3,2016,83.28,2290.0,2016_03,9
458,6.7,Comedy-drama,English,43,2016-07-29,15212,Tallulah,3,2016,83.28,2290.0,2016_03,7
459,5.3,Drama,English,37,2016-08-26,6114,XOXO,3,2016,83.28,2290.0,2016_03,8
481,8.1,Comedy-drama,English,331,2016-06-17,257345,Orange Is the New Black,2,2016,79.9,2105.0,2016_02,6
482,8.0,Thriller,English,224,2016-05-27,39169,Bloodline,2,2016,79.9,2105.0,2016_02,5
483,6.9,Political drama,English,23,2016-05-05,3967,Marseille,2,2016,79.9,2105.0,2016_02,5
484,6.9,Political drama,English,23,2016-05-05,3967,Marseille,2,2016,79.9,2105.0,2016_02,5
485,7.5,Comedy,English,22,2016-05-20,2961,Lady Dynamite,2,2016,79.9,2105.0,2016_02,5
486,7.5,Comedy,English,22,2016-05-20,2961,Lady Dynamite,2,2016,79.9,2105.0,2016_02,5
487,7.6,Sitcom,English,376,2016-04-01,26966,The Ranch,2,2016,79.9,2105.0,2016_02,4
488,7.7,Comedy,English,183,2016-04-15,56168,Unbreakable Kimmy Schmidt,2,2016,79.9,2105.0,2016_02,4
489,6.1,Late-night,English,13,2016-05-11,1801,Chelsea,2,2016,79.9,2105.0,2016_02,5
490,6.1,Late-night,English,13,2016-05-11,1801,Chelsea,2,2016,79.9,2105.0,2016_02,5
491,7.9,Fuji Television,English,37,2016-05-13,2178,Good Morning Call,2,2016,79.9,2105.0,2016_02,5
492,7.9,Fuji Television,English,37,2016-05-13,2178,Good Morning Call,2,2016,79.9,2105.0,2016_02,5
493,6.1,City,English,124,2016-06-30,7479,Between,2,2016,79.9,2105.0,2016_02,6
494,8.1,Comedy,English,56,2016-06-16,8656,Comedians in Cars Getting Coffee,2,2016,79.9,2105.0,2016_02,6
495,5.7,Action comedy,English,98,2016-05-27,33983,The Do-Over,2,2016,79.9,2105.0,2016_02,5
496,7.3,Comedy-drama,English,105,2016-06-24,49317,The Fundamentals of Caring,2,2016,79.9,2105.0,2016_02,6
497,5.8,Satire,English,75,2016-04-29,16850,Special Correspondents,2,2016,79.9,2105.0,2016_02,4
434,8.8,Political drama,English,708,2016-03-04,433959,House of Cards,1,2016,77.71,1958.0,2016_01,3
435,7.7,Romantic comedy,English,163,2016-02-19,32027,Love,1,2016,77.71,1958.0,2016_01,2
436,7.4,Comedy,English,7,2016-01-23,2163,Chelsea Does,1,2016,77.71,1958.0,2016_01,1
437,8.1,Culinary art,English,10,2016-02-19,2247,Cooked,1,2016,77.71,1958.0,2016_01,2
438,7.2,Comedy,English,44,2016-03-11,9402,Flaked,1,2016,77.71,1958.0,2016_01,3
439,7.2,Comedy,English,44,2016-03-11,9402,Flaked,1,2016,77.71,1958.0,2016_01,3
440,6.9,Sitcom,English,202,2016-02-26,21562,Fuller House,1,2016,77.71,1958.0,2016_01,2
441,7.0,Family Channel,English,25,2016-01-15,2038,Degrassi: Next Class,1,2016,77.71,1958.0,2016_01,1
442,7.0,Family Channel,English,25,2016-01-15,2038,Degrassi: Next Class,1,2016,77.71,1958.0,2016_01,1
443,7.0,Family Channel,English,25,2016-01-15,2038,Degrassi: Next Class,1,2016,77.71,1958.0,2016_01,1
444,7.0,Family Channel,English,25,2016-01-15,2038,Degrassi: Next Class,1,2016,77.71,1958.0,2016_01,1
445,6.1,Action,English,76,2016-02-26,15955,"Crouching Tiger, Hidden Dragon: Sword of Destiny",1,2016,77.71,1958.0,2016_01,2
446,6.2,Adventure,English,45,2016-03-18,6414,Pee-wee's Big Holiday,1,2016,77.71,1958.0,2016_01,3
513,7.2,Horror,English,211,2015-10-23,34304,Hemlock Grove,4,2015,70.84,1823.0,2015_04,10
514,8.3,Comedy,English,117,2015-11-06,57804,Master of None,4,2015,70.84,1823.0,2015_04,11
515,8.3,Comedy,English,117,2015-11-06,57804,Master of None,4,2015,70.84,1823.0,2015_04,11
516,8.0,Sitcom,English,93,2015-12-18,21836,F Is for Family,4,2015,70.84,1823.0,2015_04,12
517,8.0,Neo-noir,English,564,2015-11-20,177561,Jessica Jones,4,2015,70.84,1823.0,2015_04,11
518,8.0,Neo-noir,English,564,2015-11-20,177561,Jessica Jones,4,2015,70.84,1823.0,2015_04,11
519,8.0,Neo-noir,English,564,2015-11-20,177561,Jessica Jones,4,2015,70.84,1823.0,2015_04,11
520,8.6,Crime drama,English,404,2015-12-18,77930,Making a Murderer,4,2015,70.84,1823.0,2015_04,12
521,8.6,Crime drama,English,404,2015-12-18,77930,Making a Murderer,4,2015,70.84,1823.0,2015_04,12
522,8.4,Period drama,English,418,2015-10-10,55066,The Last Kingdom,4,2015,70.84,1823.0,2015_04,10
523,8.1,Comedy,English,56,2015-12-30,8656,Comedians in Cars Getting Coffee,4,2015,70.84,1823.0,2015_04,12
524,4.8,Western,English,198,2015-12-11,39168,The Ridiculous 6,4,2015,70.84,1823.0,2015_04,12
525,7.8,War/drama,English/Twi,160,2015-10-16,64421,Beasts of No Nation,4,2015,70.84,1823.0,2015_04,10
385,7.4,Satirical comedy,English,53,2015-07-31,20744,Wet Hot American Summer: First Day of Camp,3,2015,66.02,1738.0,2015_03,7
386,8.8,Crime drama,English,278,2015-08-28,300082,Narcos,3,2015,66.02,1738.0,2015_03,8
464,8.1,Comedy-drama,English,331,2015-06-11,257345,Orange Is the New Black,2,2015,62.08,1645.0,2015_02,6
465,8.4,Science fiction,English,734,2015-06-05,125118,Sense8,2,2015,62.08,1645.0,2015_02,6
466,3.5,Sitcom,English,23,2015-05-22,661,Richie Rich,2,2015,62.08,1645.0,2015_02,5
467,8.6,Culinary art,English,26,2015-04-26,10785,Chef's Table,2,2015,62.08,1645.0,2015_02,4
468,8.6,Culinary art,English,26,2015-04-26,10785,Chef's Table,2,2015,62.08,1645.0,2015_02,4
469,8.6,Culinary art,English,26,2015-04-26,10785,Chef's Table,2,2015,62.08,1645.0,2015_02,4
470,8.6,Culinary art,English,26,2015-04-26,10785,Chef's Table,2,2015,62.08,1645.0,2015_02,4
471,8.6,Culinary art,English,26,2015-04-26,10785,Chef's Table,2,2015,62.08,1645.0,2015_02,4
472,8.6,Culinary art,English,26,2015-04-26,10785,Chef's Table,2,2015,62.08,1645.0,2015_02,4
473,8.7,Crime drama,English,805,2015-04-10,332152,Daredevil,2,2015,62.08,1645.0,2015_02,4
474,9.4,Crime drama,English,12,2015-04-10,8780,Daredevil,2,2015,62.08,1645.0,2015_02,4
475,8.7,Crime drama,English,805,2015-04-10,332152,Daredevil,2,2015,62.08,1645.0,2015_02,4
476,9.4,Crime drama,English,12,2015-04-10,8780,Daredevil,2,2015,62.08,1645.0,2015_02,4
477,8.7,Crime drama,English,805,2015-04-10,332152,Daredevil,2,2015,62.08,1645.0,2015_02,4
478,9.4,Crime drama,English,12,2015-04-10,8780,Daredevil,2,2015,62.08,1645.0,2015_02,4
479,6.1,City,English,124,2015-05-21,7479,Between,2,2015,62.08,1645.0,2015_02,5
480,8.1,Comedy,English,56,2015-06-03,8656,Comedians in Cars Getting Coffee,2,2015,62.08,1645.0,2015_02,6
430,8.8,Political drama,English,708,2015-02-27,433959,House of Cards,1,2015,59.62,1573.0,2015_01,2
431,8.0,Thriller,English,224,2015-03-20,39169,Bloodline,1,2015,59.62,1573.0,2015_01,3
432,3.5,Sitcom,English,23,2015-02-20,661,Richie Rich,1,2015,59.62,1573.0,2015_01,2
433,7.7,Comedy,English,183,2015-03-06,56168,Unbreakable Kimmy Schmidt,1,2015,59.62,1573.0,2015_01,3
526,8.1,Historical drama,English,230,2014-12-12,56823,Marco Polo,4,2014,54.48,1485.0,2014_04,12
527,8.1,Historical drama,English,230,2014-12-12,56823,Marco Polo,4,2014,54.48,1485.0,2014_04,12
528,8.1,Comedy,English,56,2014-11-06,8656,Comedians in Cars Getting Coffee,4,2014,54.48,1485.0,2014_04,11
501,7.2,Horror,English,211,2014-07-11,34304,Hemlock Grove,3,2014,50.65,1409.0,2014_03,7
502,8.5,Black comedy,English,183,2014-08-22,72084,BoJack Horseman,3,2014,50.65,1409.0,2014_03,8
503,8.5,Black comedy,English,183,2014-08-22,72084,BoJack Horseman,3,2014,50.65,1409.0,2014_03,8
504,8.5,Black comedy,English,183,2014-08-22,72084,BoJack Horseman,3,2014,50.65,1409.0,2014_03,8
505,8.5,Black comedy,English,183,2014-08-22,72084,BoJack Horseman,3,2014,50.65,1409.0,2014_03,8
506,8.5,Black comedy,English,183,2014-08-22,72084,BoJack Horseman,3,2014,50.65,1409.0,2014_03,8
507,8.3,season 4,English,255,2014-08-01,90126,The Killing,3,2014,50.65,1409.0,2014_03,8
508,8.4,seasons 812,English,117,2014-09-05,33610,Trailer Park Boys,3,2014,50.65,1409.0,2014_03,9
509,8.4,seasons 812,English,117,2014-09-05,33610,Trailer Park Boys,3,2014,50.65,1409.0,2014_03,9
510,8.4,seasons 812,English,117,2014-09-05,33610,Trailer Park Boys,3,2014,50.65,1409.0,2014_03,9
511,8.4,seasons 812,English,117,2014-09-05,33610,Trailer Park Boys,3,2014,50.65,1409.0,2014_03,9
512,8.4,seasons 812,English,117,2014-09-05,33610,Trailer Park Boys,3,2014,50.65,1409.0,2014_03,9
461,8.1,Comedy-drama,English,331,2014-06-06,257345,Orange Is the New Black,2,2014,47.99,1340.0,2014_02,6
462,8.3,seasons 46,English,190,2014-06-02,26000,Longmire,2,2014,47.99,1340.0,2014_02,6
463,8.1,Comedy,English,56,2014-06-19,8656,Comedians in Cars Getting Coffee,2,2014,47.99,1340.0,2014_02,6
427,8.8,Political drama,English,708,2014-02-14,433959,House of Cards,1,2014,46.13,1270.0,2014_01,2
428,8.1,season 6,English,107,2014-03-07,39977,Star Wars: The Clone Wars,1,2014,46.13,1270.0,2014_01,3
429,8.1,Comedy,English,56,2014-01-02,8656,Comedians in Cars Getting Coffee,1,2014,46.13,1270.0,2014_01,1
460,8.1,Comedy-drama,English,331,2013-07-11,257345,Orange Is the New Black,3,2013,38.01,1106.0,2013_03,7
498,7.2,Horror,English,211,2013-04-19,34304,Hemlock Grove,2,2013,35.64,1069.0,2013_02,4
499,8.3,seasons 46,English,190,2013-05-27,26000,Longmire,2,2013,35.64,1069.0,2013_02,5
500,8.1,Comedy,English,56,2013-06-13,8656,Comedians in Cars Getting Coffee,2,2013,35.64,1069.0,2013_02,6
425,8.8,Political drama,English,708,2013-02-01,433959,House of Cards,1,2013,34.24,1024.0,2013_01,2
426,8.9,seasons 35,English,573,2013-02-11,337597,Black Mirror,1,2013,34.24,1024.0,2013_01,2
555,8.1,Comedy,English,56,2012-07-19,8656,Comedians in Cars Getting Coffee,3,2012,27.49,905.1,2012_03,7
554,8.3,seasons 46,English,190,2012-06-03,26000,Longmire,2,2012,25.71,889.2,2012_02,6
551,8.0,NRK,English,102,2012-02-06,23746,Lilyhammer,1,2012,24.43,869.8,2012_01,2
552,8.0,NRK,English,102,2012-02-06,23746,Lilyhammer,1,2012,24.43,869.8,2012_01,2
553,8.0,NRK,English,102,2012-02-06,23746,Lilyhammer,1,2012,24.43,869.8,2012_01,2
