episodes,genre,language,length,premiere,seasons,status,title
4,Family drama,English,88–102 min.,"November 25, 2016",1,"Miniseries
",Gilmore Girls: A Year in the Life
10,Psychological thriller,English,46–58 min.,"June 30, 2017",1,Ended,Gypsy
10,Crime drama,English,34–60 min.,"October 13, 2017",1,"Season 2 due to premiere on August 16, 2019",Mindhunter
7,Western,English,41–80 min.,"November 22, 2017",1,"Miniseries
",Godless
10,Science fiction,English,46–66 min.,"February 2, 2018",1,Renewed,Altered Carbon
10,Crime drama,English,54–80 min.,"February 23, 2018",1,Ended,Seven Seconds
10,Science fiction,English,48–66 min.,"April 13, 2018",1,Renewed,Lost in Space
8,Supernatural fiction,English,46–56 min.,"August 24, 2018",1,"Ended
",The Innocents
10,Horror,English,43–71 min.,"October 12, 2018",1,Renewed,The Haunting
10,Crime drama,English,55–70 min.,"November 16, 2018",1,Renewed,Narcos: Mexico
8,Supernatural,English,36–48 min.,"December 14, 2018",1,"Pending
",Tidelands
10,Superhero,English,45–60 min.,"February 15, 2019",1,Renewed,The Umbrella Academy
10,Supernatural,English,42–51 min.,"March 7, 2019",1,Renewed,The Order
8,Thriller,English,40–49 min.,"March 8, 2019",1,"Pending
",Shadow
8,Zombie,English,21–45 min.,"April 11, 2019",1,"Pending
",Black Summer
10,Teen,English,38–51 min.,"April 26, 2019",1,Ended,Chambers
10,Mystery,English,49–61 min.,"May 10, 2019",1,Renewed,The Society
10,Social thriller,English,44–58 min.,"May 24, 2019",1,"Pending
",What/If
4,Drama,English,64–88 min.,"May 31, 2019",1,"Miniseries
",When They See Us
10,Coming-of-age,English,22–29 min.,"June 14, 2019",1,"Pending
",Trinkets
10,Science-fiction,English,,"July 25, 2019",1,"Pending
",Another Life
10,Supernatural,English,,"August 8, 2019",1,"Pending
",Wu Assassins
10,Fantasy,English,,"August 30, 2019",1,"Pending
",The Dark Crystal: Age of Resistance
8,Drama,English,,"September 13, 2019",1,"Miniseries
",Unbelievable
8,Superhero,English,44–57 min.,"August 18, 2017",1,"Miniseries
",The Defenders
8,Satirical comedy,English,27–30 min.,"July 31, 2015",1,"Miniseries
",Wet Hot American Summer: First Day of Camp
5,Sketch comedy,English,27–33 min.,"November 13, 2015",1,"Ended
",W/ Bob & David
8,Sketch comedy,English,27–38 min.,"March 11, 2016",1,Ended,Netflix Presents: The Characters
8,Mockumentary,English,22–30 min.,"October 28, 2016",1,"Ended
",Trailer Park Boys Out of the Park: Europe
13,Comedy,English,24–29 min.,"April 21, 2017",1,Ended,Girlboss
8,Satirical comedy,English,24–31 min.,"August 4, 2017",1,"Miniseries
",Wet Hot American Summer: Ten Years Later
8,Mockumentary,English,23–35 min.,"November 24, 2017",1,"Ended
",Trailer Park Boys Out of the Park: USA
10,Coming-of-age,English,23–27 min.,"February 16, 2018",1,Ended,Everything Sucks!
10,Comedy,English,22–27 min.,"August 10, 2018",1,Ended,All About the Washingtons
12,Dark comedy-drama,English,40–53 min.,"August 10, 2018",1,Renewed,Insatiable
10,Police procedural,English,43–49 min.,"September 21, 2018",1,Ended,The Good Cop
10,Dark comedy,English,27–47 min.,"September 21, 2018",1,"Miniseries
",Maniac
8,Comedy,English,23–34 min.,"November 16, 2018",1,Renewed,The Kominsky Method
8,Coming-of-age,English,47–53 min.,"January 11, 2019",1,Renewed,Sex Education
8,Comedy,English,25–30 min.,"February 1, 2019",1,Renewed,Russian Doll
6,Comedy,English,25–31 min.,"March 8, 2019",1,Renewed,After Life
8,Comedy,English,25–29 min.,"March 15, 2019",1,"Pending
",Turn Up Charlie
8,Comedy,English,28–34 min.,"April 12, 2019",1,"Pending
",Huge in France
8,Comedy,English,12–17 min.,"April 12, 2019",1,"Pending
",Special
10,Comedy,English,33–38 min.,"April 19, 2019",1,"Pending
",Lunatics
,Political drama,English,42–59 min.,,,Ended,House of Cards
6,Sketch comedy,English,16–18 min.,"April 23, 2019",1,Renewed,I Think You Should Leave with Tim Robinson
7,Dark comedy,English,13–17 min.,"April 24, 2019",1,"Pending
",Bonding
10,Dark comedy,English,26–33 min.,"May 3, 2019",1,Renewed,Dead to Me
8,Comedy,English,12–21 min.,"May 17, 2019",1,"Pending
",It's Bruno!
10,Comedy,English,26–31 min.,"June 21, 2019",1,"Pending
",Mr. Iglesias
10,Comedy,English,25-34 min.,"July 10, 2019",1,"Pending
",Family Reunion
13,Political drama,English,42–59 min.,2013-02-01,1,Ended,House of Cards
13,Political drama,English,42–59 min.,2014-02-14,2,Ended,House of Cards
13,Political drama,English,42–59 min.,2015-02-27,3,Ended,House of Cards
13,Political drama,English,42–59 min.,2016-03-04,4,Ended,House of Cards
13,Political drama,English,42–59 min.,2017-05-30,5,Ended,House of Cards
8,Political drama,English,42–59 min.,2018-11-02,6,Ended,House of Cards
10,Medieval fantasy,English,27–36 min.,"August 17, 2018",1,"Part 2 due to premiere on September 20, 2019",Disenchantment
,Science fiction,English,42–78 min.,,,"Pending
",Stranger Things
10,Comedy,English,27–30 min.,"August 31, 2018",1,Renewed,Paradise PD
5,Superhero,English,23–26 min.,"November 9, 2018",1,Ended,Super Drags
18,Anthology,English,6–17 min.,"March 15, 2019",1,Renewed,"Love, Death & Robots"
10,Mockumentary,English,24–25 min.,"March 31, 2019",1,"Pending
",Trailer Park Boys: The Animated Series
10,Comedy,English,25–26 min.,"May 3, 2019",1,"Pending
",Tuca & Bertie
10,Supernatural,English,24–28 min.,"January 5, 2018",1,"Miniseries
",Devilman Crybaby
12,Suspense,English,25–27 min.,"March 2, 2018",1,Renewed,B: The Beginning
8,Science fiction,English,42–78 min.,2016-07-15,1,"Pending
",Stranger Things
9,Science fiction,English,42–78 min.,2017-10-27,2,"Pending
",Stranger Things
8,Science fiction,English,42–78 min.,2019-07-04,3,"Pending
",Stranger Things
12,Science fiction,English,25–29 min.,"March 9, 2018",1,"Ended
",A.I.C.O. -Incarnation-
12,Musical,English,23–24 min.,"March 31, 2018",1,"Ended
",Lost Song
15,Crime,English,25 min.,"December 3, 2018",1,"Pending
",Hero Mask
13,Science fiction,English,23–25 min.,"April 1, 2019",1,Renewed,Ultraman
13,Stop motion,English,11–14 min.,"April 19, 2019",1,"Pending
",Rilakkuma and Kaoru
12,Science fiction,English,24–26 min.,"June 28, 2019",1,"Pending
",7SEEDS
6,Action,English,23 min.,"July 19, 2019",1,"Pending
",Saint Seiya: Knights of the Zodiac
,Crime drama,English,43–60 min.,,,Ended,Narcos
12,Fantasy,English,,"August 15, 2019",1,"Pending
",Cannon Busters
10,Crime drama,English,43–60 min.,2015-08-28,1,Ended,Narcos
10,Crime drama,English,43–60 min.,2016-09-02,2,Ended,Narcos
10,Crime drama,English,43–60 min.,2017-09-01,3,Ended,Narcos
,Comedy-drama,English,50–92 min.,,,"Final season due to premiere on July 26, 2019",Orange Is the New Black
,Thriller,English,48–68 min.,,,Ended,Bloodline
,Horror,English,45–58 min.,,,Ended,Hemlock Grove
13,Comedy-drama,English,50–92 min.,2013-07-11,1,"Final season due to premiere on July 26, 2019",Orange Is the New Black
13,Comedy-drama,English,50–92 min.,2014-06-06,2,"Final season due to premiere on July 26, 2019",Orange Is the New Black
13,Comedy-drama,English,50–92 min.,2015-06-11,3,"Final season due to premiere on July 26, 2019",Orange Is the New Black
13,Comedy-drama,English,50–92 min.,2016-06-17,4,"Final season due to premiere on July 26, 2019",Orange Is the New Black
13,Comedy-drama,English,50–92 min.,2017-06-09,5,"Final season due to premiere on July 26, 2019",Orange Is the New Black
13,Comedy-drama,English,50–92 min.,2018-07-27,6,"Final season due to premiere on July 26, 2019",Orange Is the New Black
13,Thriller,English,48–68 min.,2015-03-20,1,Ended,Bloodline
10,Thriller,English,48–68 min.,2016-05-27,2,Ended,Bloodline
10,Thriller,English,48–68 min.,2017-05-26,3,Ended,Bloodline
20,Historical drama,English,48–65 min.,"December 12, 2014",2,Ended,Marco Polo
,Science fiction,English,45–152 min.,,,Ended,Sense8
13,Horror,English,45–58 min.,2013-04-19,1,Ended,Hemlock Grove
10,Horror,English,45–58 min.,2014-07-11,2,Ended,Hemlock Grove
10,Horror,English,45–58 min.,2015-10-23,3,Ended,Hemlock Grove
20,Supernatural,English,50–64 min.,"October 26, 2018",2,Renewed for parts 3 and 4,Chilling Adventures of Sabrina
11,Musical drama,English,50–93 min.,"August 12, 2016",2,Ended,The Get Down
,Mystery,English,31–71 min.,,,"Pending
",The OA
20,Historical drama,English,48–65 min.,"December 12, 2014",2,Ended,Marco Polo
12,Science fiction,English,45–152 min.,2015-06-05,1,Ended,Sense8
,Science fiction,English,45–152 min.,2016-12-23,2,Ended,Sense8
,Science fiction,English,45–152 min.,2017-05-05,,Ended,Sense8
,Science fiction,English,45–152 min.,2018-06-08,,Ended,Sense8
13,,English,22 min.,"June 24, 2016",1,"Ended
",Justin Time GO!
,Crime drama,English,52–80 min.,,,Renewed,Ozark
20,Supernatural,English,50–64 min.,"October 26, 2018",2,Renewed for parts 3 and 4,Chilling Adventures of Sabrina
20,Historical drama,English,54–61 min.,"November 4, 2016",2,Renewed for seasons 3 and 4,The Crown
11,Musical drama,English,50–93 min.,"August 12, 2016",2,Ended,The Get Down
,Teen drama,English,49–70 min.,,,Renewed,13 Reasons Why
8,Mystery,English,31–71 min.,2016-12-16,1,"Pending
",The OA
8,Mystery,English,31–71 min.,2019-03-22,2,"Pending
",The OA
,Black-comedy,English,36–64 min.,,,Ended,A Series of Unfortunate Events
,Romantic comedy,English,24–40 min.,,,Ended,Love
13,,English,22–23 min.,"September 2, 2016",1,"Ended
",Kulipari: An Army of Frogs
10,Crime drama,English,52–80 min.,2017-07-21,1,Renewed,Ozark
10,Crime drama,English,52–80 min.,2018-08-31,2,Renewed,Ozark
20,Historical drama,English,54–61 min.,"November 4, 2016",2,Renewed for seasons 3 and 4,The Crown
20,Comedy,English,21–57 min.,"November 6, 2015",2,"Ended
",Master of None
,Coming-of-age,English,25–46 min.,,,Renewed,Big Mouth
13,Teen drama,English,49–70 min.,2017-03-31,1,Renewed,13 Reasons Why
13,Teen drama,English,49–70 min.,2018-05-18,2,Renewed,13 Reasons Why
8,Black-comedy,English,36–64 min.,2017-01-13,1,Ended,A Series of Unfortunate Events
10,Black-comedy,English,36–64 min.,2018-03-30,2,Ended,A Series of Unfortunate Events
7,Black-comedy,English,36–64 min.,2019-01-01,3,Ended,A Series of Unfortunate Events
10,Romantic comedy,English,24–40 min.,2016-02-19,1,Ended,Love
12,Romantic comedy,English,24–40 min.,2017-03-10,2,Ended,Love
12,Romantic comedy,English,24–40 min.,2018-03-09,3,Ended,Love
26,Martial arts,English,23–24 min.,"June 25, 2018",2,Renewed,Baki
20,Comedy,English,15–20 min.,"April 20, 2018",2,"Pending
",Aggretsuko
24,Supernatural,English,22–23 min.,"March 23, 2018",2,"Pending
",Sword Gai: The Animation
7,Science fantasy,English,20–65 min.,"September 22, 2017",2,"Ended
",Neo Yokio
,Dark fantasy,English,23–29 min.,,,Renewed,Castlevania
20,Comic science fiction,English,86–94 min.,"April 14, 2017",2,"Pending
",Mystery Science Theater 3000: The Return
20,Comedy,English,21–57 min.,"November 6, 2015",2,"Ended
",Master of None
10,Coming-of-age,English,25–46 min.,2017-09-29,1,Renewed,Big Mouth
10,Coming-of-age,English,25–46 min.,2018-10-05,2,Renewed,Big Mouth
"February 8, 2019",Coming-of-age,English,25–46 min.,,Special,Renewed,Big Mouth
26,Martial arts,English,23–24 min.,"June 25, 2018",2,Renewed,Baki
20,Comedy,English,15–20 min.,"April 20, 2018",2,"Pending
",Aggretsuko
13,,English,22 min.,"January 10, 2017",1,"Ended
",We're Lalaloopsy
13,,English,22 min.,"February 24, 2017",1,Renewed,Legend Quest
12,,English,13–24 min.,"March 10, 2017",1,"Ended
",Buddy Thunderstruck
24,Supernatural,English,22–23 min.,"March 23, 2018",2,"Pending
",Sword Gai: The Animation
7,Science fantasy,English,20–65 min.,"September 22, 2017",2,"Ended
",Neo Yokio
4,Dark fantasy,English,23–29 min.,2017-07-07,1,Renewed,Castlevania
8,Dark fantasy,English,23–29 min.,2018-10-26,2,Renewed,Castlevania
20,Comic science fiction,English,86–94 min.,"April 14, 2017",2,"Pending
",Mystery Science Theater 3000: The Return
,,English,23 min.,,,Ended,Turbo Fast
17,,English,23–47 min.,"May 30, 2013",5,Ended,Ever After High
,,English,22–23 min.,,,Ended,Dragons: Race to the Edge
,,English,22–24 min.,,,Ended,The Adventures of Puss in Boots
,,English,23 min.,,,Ended,All Hail King Julien
13,,English,23 min.,"May 12, 2017",1,"Ended
",All Hail King Julien: Exiled
8,,English,24–25 min.,"September 1, 2017",1,"Ended
",Lego Elves: Secrets of Elvendale
,,English,23 min.,,,Ended,VeggieTales in the House
,Sitcom,English,25–28 min.,,,Renewed,F Is for Family
,,English,23 min.,,1,Ended,Turbo Fast
,,English,23 min.,,,Ended,Turbo Fast
,,English,23 min.,,,Ended,Turbo Fast
,,English,23 min.,,,Ended,Turbo Fast
,,English,23 min.,,,Ended,Turbo Fast
13,,English,23 min.,,2,Ended,Turbo Fast
13,,English,23 min.,,3,Ended,Turbo Fast
17,,English,23–47 min.,"May 30, 2013",5,Ended,Ever After High
17,,English,23–47 min.,"May 30, 2013",5,Ended,Ever After High
17,,English,23–47 min.,"May 30, 2013",5,Ended,Ever After High
17,,English,23–47 min.,"May 30, 2013",5,Ended,Ever After High
,,English,22–23 min.,,,Ended,Dragons: Race to the Edge
20,,English,22–23 min.,2012-08-07,1,Ended,Dragons: Race to the Edge
20,,English,22–23 min.,2013-09-19,2,Ended,Dragons: Race to the Edge
"13,June 26, 2015",,English,22–23 min.,,1,Ended,Dragons: Race to the Edge
"13,January 8, 2016",,English,22–23 min.,,2,Ended,Dragons: Race to the Edge
"13,June 24, 2016",,English,22–23 min.,,3,Ended,Dragons: Race to the Edge
"13,February 17, 2017",,English,22–23 min.,,4,Ended,Dragons: Race to the Edge
"13,August 25, 2017",,English,22–23 min.,,5,Ended,Dragons: Race to the Edge
"13,February 16, 2018",,English,22–23 min.,,6,Ended,Dragons: Race to the Edge
,,English,22–24 min.,2015-01-16,1,Ended,The Adventures of Puss in Boots
,,English,22–24 min.,2015-05-08,,Ended,The Adventures of Puss in Boots
,,English,22–24 min.,2015-09-28,,Ended,The Adventures of Puss in Boots
11,,English,22–24 min.,2015-12-11,2,Ended,The Adventures of Puss in Boots
13,,English,22–24 min.,2016-07-15,3,Ended,The Adventures of Puss in Boots
13,,English,22–24 min.,2016-12-16,4,Ended,The Adventures of Puss in Boots
"June 20, 2017",,English,22–24 min.,,Special,Ended,The Adventures of Puss in Boots
13,,English,22–24 min.,2017-07-28,5,Ended,The Adventures of Puss in Boots
12,,English,22–24 min.,2018-01-26,6,Ended,The Adventures of Puss in Boots
,,English,23 min.,2014-12-19,1,Ended,All Hail King Julien
,,English,23 min.,2015-04-03,,Ended,All Hail King Julien
16,,English,23 min.,2015-10-16,2,Ended,All Hail King Julien
13,,English,23 min.,2016-06-17,3,Ended,All Hail King Julien
13,,English,23 min.,2016-11-11,4,Ended,All Hail King Julien
13,,English,23 min.,2017-05-12,,Ended,All Hail King Julien
13,,English,23 min.,2017-12-01,6,Ended,All Hail King Julien
15,,English,24 min.,"January 26, 2018",1,"Season 2 due to premiere on November 15, 2019",Llama Llama
,,English,23 min.,,1,Ended,VeggieTales in the House
,,English,23 min.,,,Ended,VeggieTales in the House
,,English,23 min.,,,Ended,VeggieTales in the House
11,,English,23 min.,,2,Ended,VeggieTales in the House
13,,English,23 min.,,3,Ended,VeggieTales in the House
13,,English,23 min.,,4,Ended,VeggieTales in the House
6,Sitcom,English,25–28 min.,2015-12-18,1,Renewed,F Is for Family
10,Sitcom,English,25–28 min.,2017-05-30,2,Renewed,F Is for Family
10,Sitcom,English,25–28 min.,2018-11-30,3,Renewed,F Is for Family
,,English,23 min.,,,Ended,Dawn of the Croods
12,,English,22 min.,"November 6, 2015",2,"Ended
",Care Bears and Cousins
78,,English,23–68 min.,"June 10, 2016",8,Ended,Voltron: Legendary Defender
23,,English,22–85 min.,"April 15, 2016",2,Ended,Kong: King of the Apes
4,,English,22 min.,"March 4, 2016",2,"Ended
",Lego Friends: The Power of Friendship
5,,English,22 min.,"March 4, 2016",2,"Ended
",Lego Bionicle: The Journey to One
5,,English,22 min.,"March 4, 2016",2,"Ended
",Lego Bionicle: The Journey to One
10,,English,24 min.,"June 8, 2018",1,Renewed,The Hollow
5,,English,24 min.,"June 15, 2018",1,"Ended
",True: Magical Friends
5,,English,24 min.,"June 15, 2018",1,"Ended
",True: Wonderful Wishes
26,,English,24 min.,"October 30, 2015",3,"Ended
",Popples
,,English,23 min.,,,Ended,The Mr. Peabody & Sherman Show
13,,English,23 min.,2015-12-24,1,Ended,Dawn of the Croods
13,,English,23 min.,2016-08-26,2,Ended,Dawn of the Croods
13,,English,23 min.,2017-04-07,3,Ended,Dawn of the Croods
13,,English,23 min.,2017-07-07,4,Ended,Dawn of the Croods
12,,English,22 min.,"November 6, 2015",2,"Ended
",Care Bears and Cousins
78,,English,23–68 min.,"June 10, 2016",8,Ended,Voltron: Legendary Defender
78,,English,23–68 min.,"June 10, 2016",8,Ended,Voltron: Legendary Defender
78,,English,23–68 min.,"June 10, 2016",8,Ended,Voltron: Legendary Defender
78,,English,23–68 min.,"June 10, 2016",8,Ended,Voltron: Legendary Defender
78,,English,23–68 min.,"June 10, 2016",8,Ended,Voltron: Legendary Defender
78,,English,23–68 min.,"June 10, 2016",8,Ended,Voltron: Legendary Defender
78,,English,23–68 min.,"June 10, 2016",8,Ended,Voltron: Legendary Defender
23,,English,22–85 min.,"April 15, 2016",2,Ended,Kong: King of the Apes
4,,English,22 min.,"March 4, 2016",2,"Ended
",Lego Friends: The Power of Friendship
13,,English,24 min.,"September 21, 2018",1,Renewed,Hilda
10,,English,23 min.,"November 20, 2018",1,"Pending
",Kulipari: Dream Walker
26,,English,24 min.,"October 30, 2015",3,"Ended
",Popples
26,,English,24 min.,"October 30, 2015",3,"Ended
",Popples
13,,English,23 min.,2015-10-09,1,Ended,The Mr. Peabody & Sherman Show
13,,English,23 min.,2016-03-18,2,Ended,The Mr. Peabody & Sherman Show
13,,English,23 min.,2016-10-21,3,Ended,The Mr. Peabody & Sherman Show
13,,English,23 min.,2017-04-21,4,Ended,The Mr. Peabody & Sherman Show
22,,English,23–24 min.,"December 9, 2016",3,"Ended
",Luna Petunia
26,,English,24 min.,"November 4, 2016",2,"Ended
",World of Winx
,,English,23 min.,,,Ended,Trollhunters: Tales of Arcadia
38,,English,24–44 min.,"October 28, 2016",3,Ended ,Skylanders Academy
14,,English,20–28 min.,"August 12, 2016",2,"Season 3 due to premiere on August 2, 2019 ",Ask the StoryBots
,,English,22–24 min.,,,"Ended
",Home: Adventures with Tip & Oh
40,,English,13 min.,"July 8, 2016",3,Renewed,Word Party
,,English,23 min.,,,"Ended
",Dinotrux
9,,English,23–33 min.,"January 18, 2019",1,Renewed,Carmen Sandiego
26,,English,13–14 min.,"March 15, 2019",1,"Pending
",YooHoo to the Rescue
13,,English,25 min.,"March 22, 2019",1,"Pending
",Charlie's Colorforms City
21,,English,6–7 min.,"April 12, 2019",1,"Pending
",Mighty Little Bheem
22,,English,23–24 min.,"December 9, 2016",3,"Ended
",Luna Petunia
22,,English,23–24 min.,"December 9, 2016",3,"Ended
",Luna Petunia
26,,English,24 min.,"November 4, 2016",2,"Ended
",World of Winx
26,,English,23 min.,2016-12-23,1,Ended,Trollhunters: Tales of Arcadia
13,,English,23 min.,2017-12-15,2,Ended,Trollhunters: Tales of Arcadia
13,,English,23 min.,2018-05-25,3,Ended,Trollhunters: Tales of Arcadia
38,,English,24–44 min.,"October 28, 2016",3,Ended ,Skylanders Academy
38,,English,24–44 min.,"October 28, 2016",3,Ended ,Skylanders Academy
14,,English,20–28 min.,"August 12, 2016",2,"Season 3 due to premiere on August 2, 2019 ",Ask the StoryBots
26,,English,22–24 min.,2016-07-29,1,"Ended
",Home: Adventures with Tip & Oh
26,,English,22–24 min.,2017-01-27,2,"Ended
",Home: Adventures with Tip & Oh
26,,English,22–24 min.,2017-08-11,3,"Ended
",Home: Adventures with Tip & Oh
"December 1, 2017",,English,22–24 min.,,Special,"Ended
",Home: Adventures with Tip & Oh
26,,English,22–24 min.,2018-07-20,4,"Ended
",Home: Adventures with Tip & Oh
40,,English,13 min.,"July 8, 2016",3,Renewed,Word Party
40,,English,13 min.,"July 8, 2016",3,Renewed,Word Party
10,,English,23 min.,2015-08-14,1,"Ended
",Dinotrux
13,,English,23 min.,2016-03-11,2,"Ended
",Dinotrux
16,,English,23 min.,2016-10-07,3,"Ended
",Dinotrux
7,,English,23 min.,2017-03-31,4,"Ended
",Dinotrux
6,,English,23 min.,2017-08-18,5,"Ended
",Dinotrux
6,,English,23 min.,2017-11-10,6,"Ended
",Dinotrux
7,,English,23 min.,2018-03-23,7,"Ended
",Dinotrux
5,,English,9–12 min.,"June 7, 2019",1,"Pending
",Super Monsters Monster Pets
11,,English,2 min.,"May 18, 2018",1,"Pending
",Dance & Sing with True
4,,English,2 min.,"September 14, 2018",1,"Pending
",Super Monsters Monster Party
8,,English,3 min.,"July 12, 2019",1,"Pending
",True Tunes
26,,English,23 min.,"February 24, 2017",2,"Ended
",VeggieTales in the City
13,,English,22 min.,"January 6, 2017",2,Ended,Edgar Rice Burroughs' Tarzan and Jane
14,,English,24 min.,"August 11, 2017",2,Renewed,True and the Rainbow Kingdom
,,English,23 min.,,,"Pending
",Spirit Riding Free
61,Black comedy,English,25–26 min.,"August 22, 2014",5,Renewed,BoJack Horseman
,Coming-of-age,English,23–32 min.,,,Renewed,On My Block
,Comedy-drama,English,32–38 min.,,,Ended,She's Gotta Have It
13,,English,23 min.,2018-08-03,8,"Ended
",Dinotrux
13,Educational,English,27–34 min.,"March 17, 2017",1,"Ended
",Julie's Greenroom
26,,English,23 min.,"February 24, 2017",2,"Ended
",VeggieTales in the City
13,,English,22 min.,"January 6, 2017",2,Ended,Edgar Rice Burroughs' Tarzan and Jane
14,,English,24 min.,"August 11, 2017",2,Renewed,True and the Rainbow Kingdom
6,,English,23 min.,2017-05-05,1,"Pending
",Spirit Riding Free
7,,English,23 min.,2017-09-08,2,"Pending
",Spirit Riding Free
7,,English,23 min.,2017-11-17,3,"Pending
",Spirit Riding Free
6,,English,23 min.,2018-03-16,4,"Pending
",Spirit Riding Free
7,,English,23 min.,2018-05-11,5,"Pending
",Spirit Riding Free
61,Black comedy,English,25–26 min.,"August 22, 2014",5,Renewed,BoJack Horseman
61,Black comedy,English,25–26 min.,"August 22, 2014",5,Renewed,BoJack Horseman
61,Black comedy,English,25–26 min.,"August 22, 2014",5,Renewed,BoJack Horseman
61,Black comedy,English,25–26 min.,"August 22, 2014",5,Renewed,BoJack Horseman
10,Coming-of-age,English,23–32 min.,2018-03-16,1,Renewed,On My Block
10,Coming-of-age,English,23–32 min.,2019-03-29,2,Renewed,On My Block
10,Comedy-drama,English,32–38 min.,2017-11-23,1,Ended,She's Gotta Have It
9,Comedy-drama,English,32–38 min.,2019-05-24,2,Ended,She's Gotta Have It
,,English,24–25 min.,,,"Pending
",Trolls: The Beat Goes On!
13,Educational,English,23–27 min.,"May 11, 2018",1,"Pending
",The Who Was? Show
23,,English,23 min.,"November 17, 2017",2,"Pending
",Stretch Armstrong and the Flex Fighters
20,,English,23–25 min.,"April 20, 2018",2,"Pending
",Spy Kids: Mission Critical
,,English,24 min.,,,"Pending
",The Boss Baby: Back in Business
16,,English,22–23 min.,"October 13, 2017",2,"Season 3 due to premiere on October 4, 2019 ",Super Monsters
26,,English,25 min.,"September 29, 2017",2,"Pending
",The Magic School Bus Rides Again
6,,English,23 min.,2018-08-17,6,"Pending
",Spirit Riding Free
7,,English,23 min.,2018-11-09,7,"Pending
",Spirit Riding Free
6,,English,23 min.,2019-04-05,8,"Pending
",Spirit Riding Free
16,Mockumentary,English,26–42 min.,"September 15, 2017",2,Ended,American Vandal
20,Comedy,English,23–32 min.,"August 25, 2017",2,Ended,Disjointed
6,,English,24–25 min.,,1,"Pending
",Trolls: The Beat Goes On!
7,,English,24–25 min.,,2,"Pending
",Trolls: The Beat Goes On!
6,,English,24–25 min.,,3,"Pending
",Trolls: The Beat Goes On!
7,,English,24–25 min.,,4,"Pending
",Trolls: The Beat Goes On!
6,,English,24–25 min.,,5,"Pending
",Trolls: The Beat Goes On!
7,,English,24–25 min.,,6,"Pending
",Trolls: The Beat Goes On!
8,Comedy,English,22–28 min.,"October 19, 2018",1,"Miniseries
",Best.Worst.Weekend.Ever.
13,Educational,English,22–25 min.,"November 2, 2018",1,"Pending
",Brainchild
10,Sitcom,English,26–32 min.,"April 15, 2019",1,"Part 2 due to premiere on August 5, 2019",No Good Nick
8,Comedy,English,22–26 min.,"June 3, 2019",1,"Pending
",Malibu Rescue: The Series
23,,English,23 min.,"November 17, 2017",2,"Pending
",Stretch Armstrong and the Flex Fighters
20,,English,23–25 min.,"April 20, 2018",2,"Pending
",Spy Kids: Mission Critical
"13,April 6, 2018",,English,24 min.,,1,"Pending
",The Boss Baby: Back in Business
"13,October 12, 2018",,English,24 min.,,2,"Pending
",The Boss Baby: Back in Business
16,,English,22–23 min.,"October 13, 2017",2,"Season 3 due to premiere on October 4, 2019 ",Super Monsters
26,,English,25 min.,"September 29, 2017",2,"Pending
",The Magic School Bus Rides Again
16,Mockumentary,English,26–42 min.,"September 15, 2017",2,Ended,American Vandal
20,Comedy,English,23–32 min.,"August 25, 2017",2,Ended,Disjointed
,,English,24 min.,,,"Season 3 due to premiere on August 2, 2019",She-Ra and the Princesses of Power
,,English,8 min.,,,"Pending
",Larva Island
13,Crime drama,English,37–49 min.,"November 11, 2016",1,"Ended
",Estocolmo
20,Comedy,English,27–30 min.,"June 9, 2017",1,"Ended
",My Only Love Song
8,Action,English,23–28 min.,"November 10, 2017",1,"Ended
",Blazing Transfer Students
59,,English,12–23 min.,"January 1, 2019",3,"Pending
",Pinky Malinky
,,English,23–24 min.,,,Ended,3Below: Tales of Arcadia
51,,English,15–26 min.,"November 20, 2018",2,"Pending
",Motown Magic
,,English,25–27 min.,,,Renewed,The Dragon Prince
26,,English,22–23 min.,"July 27, 2018",2,"Pending
",Cupcake & Dino: General Services
,,English,24 min.,,,"Pending
",The Epic Tales of Captain Underpants
13,,English,24 min.,2018-11-13,1,"Season 3 due to premiere on August 2, 2019",She-Ra and the Princesses of Power
7,,English,24 min.,2019-04-26,2,"Season 3 due to premiere on August 2, 2019",She-Ra and the Princesses of Power
,,English,8 min.,,,"Pending
",Larva Island
26,,English,8 min.,2011-03-26,1,"Pending
",Larva Island
27,,English,8 min.,2012-01-05,2,"Pending
",Larva Island
104,,English,8 min.,2015-01-05,3,"Pending
",Larva Island
26,,English,8 min.,2018-19-10,4,"Pending
",Larva Island
TBA,,English,8 min.,TBA,5,"Pending
",Larva Island
10,Drama,English,38–43 min.,"March 16, 2018",1,"Ended
",Edha
6,Comedy,English,29–37 min.,"June 17, 2018",1,"Ended
",Club de Cuervos Presents: The Ballad of Hugo Sánchez
8,Drama,English,43–55 min.,"July 6, 2018",1,"Season 2 due to premiere on August 15, 2019",Sacred Games
9,Comedy,English,39–64 min.,"July 20, 2018",1,"Pending
",Jimmy: The True Story of a True Idiot
6,Science fiction,English,33–44 min.,"August 1, 2018",1,"Ended
",Switched
59,,English,12–23 min.,"January 1, 2019",3,"Pending
",Pinky Malinky
59,,English,12–23 min.,"January 1, 2019",3,"Pending
",Pinky Malinky
13,,English,23–24 min.,2018-12-21,1,Ended,3Below: Tales of Arcadia
13,,English,23–24 min.,2019-07-12,2,Ended,3Below: Tales of Arcadia
51,,English,15–26 min.,"November 20, 2018",2,"Pending
",Motown Magic
9,,English,25–27 min.,2018-09-14,1,Renewed,The Dragon Prince
9,,English,25–27 min.,2019-02-15,2,Renewed,The Dragon Prince
26,,English,22–23 min.,"July 27, 2018",2,"Pending
",Cupcake & Dino: General Services
"13,July 13, 2018",,English,24 min.,,1,"Pending
",The Epic Tales of Captain Underpants
"13,February 8, 2019",,English,24 min.,,2,"Pending
",The Epic Tales of Captain Underpants
"13,July 19, 2019",,English,24 min.,,3,"Pending
",The Epic Tales of Captain Underpants
13,Comedy,English,27–37 min.,"August 10, 2018",1,Renewed for seasons 2 and 3,The House of Flowers
3,Horror,English,44–50 min.,"August 24, 2018",1,"Miniseries
",Ghoul
8,Comedy,English,20–29 min.,"October 5, 2018",1,"Pending
",YG Future Strategy Office
8,Crime,English,47–56 min.,"October 5, 2018",1,Renewed,Élite
10,Crime drama,English,40–48 min.,"October 19, 2018",1,Renewed,Wild District
8,Spy thriller,English,50–63 min.,"November 30, 2018",1,Renewed,1983
6,Drama,English,40–49 min.,"November 30, 2018",1,Renewed,Baby
,,English,24 min.,,,"Pending
",Harvey Girls Forever!
18,Coming-of-age,English,26–38 min.,"August 11, 2017",2,Renewed,Atypical
,Comedy,English,22–34 min.,,,"Ended
",Project Mc
,Sitcom,English,21–23 min.,,,Ended,Richie Rich
,Comedy,English,26–34 min.,,,Ended,Friends from College
,Comedy,English,27–46 min.,,,"Season 3 due to premiere on August 9, 2019",GLOW
,Satire,English,21–36 min.,,,"Season 3 due to premiere on August 2, 2019",Dear White People
,Comedy-horror,English,26–35 min.,,,Ended,Santa Clarita Diet
10,Drama,English,51–62 min.,"December 7, 2018",1,"Pending
",Dogs of Berlin
8,Romantic comedy,English,24–29 min.,"December 7, 2018",1,Renewed,The Hook Up Plan
8,Horror,English,36–44 min.,"December 21, 2018",1,Renewed,Diablero
12,Drama,English,19–28 min.,"December 28, 2018",1,"Pending
",Selection Day
6,Fantasy,English,44–57 min.,"January 25, 2019",1,Renewed,Kingdom
13,,English,24 min.,2018-06-29,,"Pending
",Harvey Girls Forever!
13,,English,24 min.,2019-05-10,,"Pending
",Harvey Girls Forever!
18,Coming-of-age,English,26–38 min.,"August 11, 2017",2,Renewed,Atypical
"3,August 7, 2015",Comedy,English,22–34 min.,,1,"Ended
",Project Mc
"6,August 12, 2016",Comedy,English,22–34 min.,,2,"Ended
",Project Mc
"6,October 14, 2016",Comedy,English,22–34 min.,,3,"Ended
",Project Mc
"1,February 14, 2017",Comedy,English,22–34 min.,,4,"Ended
",Project Mc
"5,September 15, 2017",Comedy,English,22–34 min.,,5,"Ended
",Project Mc
"5,November 7, 2017",Comedy,English,22–34 min.,,6,"Ended
",Project Mc
10,Sitcom,English,21–23 min.,2015-02-20,1,Ended,Richie Rich
11,Sitcom,English,21–23 min.,2015-05-22,2,Ended,Richie Rich
8,Comedy,English,26–34 min.,2017-07-14,1,Ended,Friends from College
8,Comedy,English,26–34 min.,2019-01-11,2,Ended,Friends from College
10,Comedy,English,27–46 min.,2017-06-23,1,"Season 3 due to premiere on August 9, 2019",GLOW
10,Comedy,English,27–46 min.,2018-06-29,2,"Season 3 due to premiere on August 9, 2019",GLOW
10,Satire,English,21–36 min.,2017-04-28,Volume 1,"Season 3 due to premiere on August 2, 2019",Dear White People
10,Satire,English,21–36 min.,2018-05-04,Volume 2,"Season 3 due to premiere on August 2, 2019",Dear White People
10,Comedy-horror,English,26–35 min.,2017-02-03,1,Ended,Santa Clarita Diet
10,Comedy-horror,English,26–35 min.,2018-03-23,2,Ended,Santa Clarita Diet
10,Comedy-horror,English,26–35 min.,2019-03-29,3,Ended,Santa Clarita Diet
10,Supernatural,English,39–43 min.,"February 1, 2019",1,Renewed,Always a Witch
7,Police procedural,English,45–64 min.,"March 22, 2019",1,"Pending
",Delhi Crime
7,Period drama,English,35–56 min.,"March 22, 2019",1,Renewed,Most Beautiful Thing
8,Crime,English,32–48 min.,"March 22, 2019",1,"Miniseries
",Crime Diaries: The Candidate
8,Science fiction,English,41–45 min.,"March 29, 2019",1,"Pending
",Osmosis
6,Crime drama,English,41–49 min.,"April 5, 2019",1,"Pending
",Quicksand
4,Drama,English,19–27 min.,"April 11, 2019",1,"Ended
",Persona
8,Romantic comedy,English,46–56 min.,"April 18, 2019",1,"Season 2 due to premiere on July 26, 2019",My First First Love
20,Drama,English,23 min.,"August 10, 2018",2,"Pending
",The Ponysitters Club
23,Sitcom,English,22–30 min.,"March 23, 2018",2,Renewed,Alexa & Katie
16,Political drama,English,35–53 min.,"May 5, 2016",2,Ended,Marseille
16,Political drama,English,35–53 min.,"May 5, 2016",2,Ended,Marseille
,Comedy-drama,English,36–94 min.,,,Ended,Club de Cuervos
16,Sitcom,English,24–28 min.,"November 16, 2018",2,"Pending
",Prince of Peoria
24,Science fiction,English,21–28 min.,"September 8, 2017",2,Renewed for seasons 3 and 4,Greenhouse Academy
,Teen drama,English,25–34 min.,,,"Pending
",Free Rein
,Sitcom,English,25–35 min.,,,Ended,One Day at a Time
8,Crime,English,38–48 min.,"May 3, 2019",1,"Miniseries
",Crime Diaries: Night Out
8,Mystery,English,39–49 min.,"May 24, 2019",1,Renewed,High Seas
6,Dark comedy,English,24–32 min.,"May 31, 2019",1,Renewed,How to Sell Drugs Online (Fast)
5,Fantasy,English,25–47 min.,"June 13, 2019",1,"Pending
",Jinn
25,Drama,English,36–44 min.,"June 14, 2019",1,"Pending
",Yankee
6,Drama,English,40–54 min.,"June 14, 2019",1,"Pending
",Leila
6,Comedy,English,28–31 min.,"June 28, 2019",1,Renewed ,Family Business
6,Thriller,English,41–54 min.,"June 28, 2019",1,"Pending
",The Chosen One
20,Drama,English,23 min.,"August 10, 2018",2,"Pending
",The Ponysitters Club
23,Sitcom,English,22–30 min.,"March 23, 2018",2,Renewed,Alexa & Katie
"13,August 7, 2015",Comedy-drama,English,36–94 min.,,1,Ended,Club de Cuervos
"10,December 10, 2016",Comedy-drama,English,36–94 min.,,2,Ended,Club de Cuervos
"10,September 29, 2017",Comedy-drama,English,36–94 min.,,3,Ended,Club de Cuervos
"12,January 26, 2019",Comedy-drama,English,36–94 min.,,4,Ended,Club de Cuervos
16,Sitcom,English,24–28 min.,"November 16, 2018",2,"Pending
",Prince of Peoria
24,Science fiction,English,21–28 min.,"September 8, 2017",2,Renewed for seasons 3 and 4,Greenhouse Academy
,Teen drama,English,25–34 min.,,,"Pending
",Free Rein
"10,23 June 2017",Teen drama,English,25–34 min.,,1,"Pending
",Free Rein
"10,6 July 2018",Teen drama,English,25–34 min.,,2,"Pending
",Free Rein
2,Teen drama,English,25–34 min.,2018-12-07,Specials,"Pending
",Free Rein
"10,6 July 2019",Teen drama,English,25–34 min.,,3,"Pending
",Free Rein
"13,January 6, 2017",Sitcom,English,25–35 min.,,1,Ended,One Day at a Time
"13,January 26, 2018",Sitcom,English,25–35 min.,,2,Ended,One Day at a Time
"13,February 8, 2019",Sitcom,English,25–35 min.,,3,Ended,One Day at a Time
5,Horror,English,43–52 min.,"July 19, 2019",1,"Pending
",Typewriter
6,Drama,English,,"September 27, 2019",1,"Pending
",Skylines
4,Comedy,English,26–29 min.,"October 3, 2013",1,"Ended
",Russell Peters Vs. the World
,Crime drama,English,42–62 min.,,,Renewed,Suburra: Blood on Rome
,Period drama,English,41–63 min.,,,"Season 4 due to premiere on August 9, 2019",Cable Girls
4,Comedy,English,62–74 min.,"January 23, 2016",1,Ended,Chelsea Does
4,Culinary art,English,50–58 min.,"February 19, 2016",1,"Miniseries
",Cooked
6,Sport,English,50–58 min.,"August 19, 2016",1,"Miniseries
",Fearless
4,Culinary art,English,41–54 min.,"September 2, 2016",1,"Ended
",Chef's Table: France
8,Documentary,English,59–73 min.,"December 9, 2016",1,"Miniseries
",Captive
8,Biography,English,41–48 min.,"February 10, 2017",1,"Ended
",Abstract: The Art of Design
,Crime drama,English,39–55 min.,,,"Pending
",The Mechanism
10,Crime drama,English,42–62 min.,2017-10-06,1,Renewed,Suburra: Blood on Rome
8,Crime drama,English,42–62 min.,2019-02-22,2,Renewed,Suburra: Blood on Rome
,Science fiction,English,38–51 min.,,,"Pending
",3%
8,Period drama,English,41–63 min.,2017-04-28,1,"Season 4 due to premiere on August 9, 2019",Cable Girls
8,Period drama,English,41–63 min.,2017-12-25,2,"Season 4 due to premiere on August 9, 2019",Cable Girls
8,Period drama,English,41–63 min.,2018-09-07,3,"Season 4 due to premiere on August 9, 2019",Cable Girls
3,Historical drama,English,59–69 min.,"March 31, 2017",1,"Miniseries
",Five Came Back
6,Documentary,English,41–58 min.,"April 21, 2017",1,"Miniseries
",Hot Girls Wanted: Turned On
7,Crime drama,English,56–66 min.,"May 19, 2017",1,"Miniseries
",The Keepers
4,Documentary,English,56–65 min.,"July 28, 2017",1,"Miniseries
",Daughters of Destiny
4,Miniseries,English,50–58 min.,"September 8, 2017",1,"Miniseries
",Fire Chasers
3,Biography,English,48–61 min.,"October 20, 2017",1,"Ended
",The Day I Met El Chapo
14,Comedy,English,25–37 min.,"July 6, 2018",2,"Pending
",Samantha!
14,Comedy,English,25–37 min.,"July 6, 2018",2,"Pending
",Samantha!
8,Crime drama,English,39–55 min.,2018-03-23,1,"Pending
",The Mechanism
8,Crime drama,English,39–55 min.,2019-05-10,2,"Pending
",The Mechanism
,Comedy,English,24–36 min.,,,Ended,Haters Back Off
8,Science fiction,English,38–51 min.,2016-11-25,1,"Pending
",3%
10,Science fiction,English,38–51 min.,2018-04-27,2,"Pending
",3%
8,Science fiction,English,38–51 min.,2019-06-07,3,"Pending
",3%
,Post-apocalyptic,English,36–49 min.,,,Renewed for final season,The Rain
,Science fiction,English,45–61 min.,,,Renewed for final season,Dark
27,Political drama,English,32–50 min.,"March 24, 2017",2,"Pending
",Ingobernable
,Romantic comedy,English,26–52 min.,,,Ended,Easy
8,True crime,English,34–41 min.,"November 17, 2017",1,"Ended
",Shot in the Dark
6,Psychological,English,41–48 min.,"December 15, 2017",1,"Miniseries
",Wormwood
12,Nature,English,41–46 min.,"December 22, 2017",1,"Ended
",72 Dangerous Animals: Latin America
6,Documentary,English,48–58 min.,"January 5, 2018",1,"Ended
",Rotten
6,Documentary,English,50–77 min.,"January 26, 2018",1,Renewed,Dirty Money
8,Comedy,English,24–36 min.,2016-10-14,1,Ended,Haters Back Off
8,Comedy,English,24–36 min.,2017-10-20,2,Ended,Haters Back Off
"8,May 4, 2018",Post-apocalyptic,English,36–49 min.,,1,Renewed for final season,The Rain
"6,May 17, 2019",Post-apocalyptic,English,36–49 min.,,2,Renewed for final season,The Rain
10,Science fiction,English,45–61 min.,2017-12-01,1,Renewed for final season,Dark
8,Science fiction,English,45–61 min.,2019-06-21,2,Renewed for final season,Dark
,Supernatural,English,31–51 min.,,,Renewed for seasons 3 and 4,The Protector
20,Comedy,English,26–36 min.,"May 20, 2016",2,Ended,Lady Dynamite
27,Political drama,English,32–50 min.,"March 24, 2017",2,"Pending
",Ingobernable
"8,September 22, 2016",Romantic comedy,English,26–52 min.,,1,Ended,Easy
"8,December 1, 2017",Romantic comedy,English,26–52 min.,,2,Ended,Easy
"9,May 10, 2019",Romantic comedy,English,26–52 min.,,3,Ended,Easy
8,Sport,English,28–30 min.,"February 2, 2018",1,"Ended
",Coach Snoop
8,Travel documentary,English,46–55 min.,"February 23, 2018",1,Renewed,Ugly Delicious
8,Documentary,English,35–48 min.,"March 2, 2018",1,"Miniseries
",Flint Town
6,Documentary,English,64–72 min.,"March 16, 2018",1,"Miniseries
",Wild Wild Country
8,Documentary,English,52–63 min.,"March 30, 2018",1,"Ended
",Rapture
4,History,English,59–66 min.,"April 27, 2018",1,"Miniseries
",Bobby Kennedy for President
,Sitcom,English,25–36 min.,,,Renewed for final season,The Ranch
14,Comedy,English,30–34 min.,"March 11, 2016",2,Ended,Flaked
,Sitcom,English,24–36 min.,,,Renewed for final season,Fuller House
,Comedy-drama,English,25–35 min.,,,Renewed,Grace and Frankie
30,Musical,English,36–44 min.,"February 22, 2019",2,"Pending
",Go! Live Your Way
30,Musical,English,36–44 min.,"February 22, 2019",2,"Pending
",Go! Live Your Way
"10,December 14, 2018",Supernatural,English,31–51 min.,,1,Renewed for seasons 3 and 4,The Protector
"8,April 26, 2019",Supernatural,English,31–51 min.,,2,Renewed for seasons 3 and 4,The Protector
20,Comedy,English,26–36 min.,"May 20, 2016",2,Ended,Lady Dynamite
,Comedy,English,23–53 min.,,,Ended,Unbreakable Kimmy Schmidt
4,True crime,English,46–54 min.,"May 11, 2018",1,"Miniseries
",Evil Genius: The True Story of America's Most Diabolical Bank Heist
20,Docu-series,English,14–20 min.,"May 23, 2018",1,Renewed,Explained
3,Documentary,English,47–59 min.,"June 1, 2018",1,"Miniseries
",November 13: Attack on Paris
8,Travel documentary,English,39–42 min.,"July 20, 2018",1,"Ended
",Dark Tourist
12,Docu-series,English,9–14 min.,"August 3, 2018",1,"Pending
",Marching Orders
12,Nature,English,44–48 min.,"August 10, 2018",1,"Pending
",72 Dangerous Animals: Asia
7,Docu-series,English,37–46 min.,"August 10, 2018",1,"Pending
",Afflicted
4,Docu-series,English,40–44 min.,"September 14, 2018",1,"Pending
",Boca Juniors Confidential
4,Travel documentary,English,40–48 min.,"October 11, 2018",1,"Miniseries
","Salt, Fat, Acid, Heat"
,Sitcom,English,25–36 min.,2016-04-01,1,Renewed for final season,The Ranch
,Sitcom,English,25–36 min.,2016-10-07,,Renewed for final season,The Ranch
,Sitcom,English,25–36 min.,2017-06-16,2,Renewed for final season,The Ranch
,Sitcom,English,25–36 min.,2017-12-15,,Renewed for final season,The Ranch
,Sitcom,English,25–36 min.,2018-06-15,3,Renewed for final season,The Ranch
,Sitcom,English,25–36 min.,2018-12-07,,Renewed for final season,The Ranch
14,Comedy,English,30–34 min.,"March 11, 2016",2,Ended,Flaked
13,Sitcom,English,24–36 min.,2016-02-26,1,Renewed for final season,Fuller House
13,Sitcom,English,24–36 min.,2016-12-09,2,Renewed for final season,Fuller House
,Sitcom,English,24–36 min.,2017-09-22,3,Renewed for final season,Fuller House
,Sitcom,English,24–36 min.,2017-12-22,,Renewed for final season,Fuller House
13,Sitcom,English,24–36 min.,2018-12-14,4,Renewed for final season,Fuller House
,Comedy-drama,English,25–35 min.,,,Renewed,Grace and Frankie
,Comedy-drama,English,25–35 min.,,,Renewed,Grace and Frankie
,Comedy-drama,English,25–35 min.,,,Renewed,Grace and Frankie
,Comedy-drama,English,25–35 min.,,,Renewed,Grace and Frankie
"
",Comedy-drama,English,25–35 min.,,,Renewed,Grace and Frankie
,Comedy-drama,English,25–35 min.,,,Renewed,Grace and Frankie
"Recurring
",Comedy-drama,English,25–35 min.,,,Renewed,Grace and Frankie
,Comedy-drama,English,25–35 min.,,,Renewed,Grace and Frankie
"
",Comedy-drama,English,25–35 min.,,,Renewed,Grace and Frankie
"
",Comedy-drama,English,25–35 min.,,,Renewed,Grace and Frankie
,Comedy-drama,English,25–35 min.,,,Renewed,Grace and Frankie
"Guest
",Comedy-drama,English,25–35 min.,,,Renewed,Grace and Frankie
"
",Comedy-drama,English,25–35 min.,,,Renewed,Grace and Frankie
26,Crime drama,English,47–58 min.,"November 17, 2017",2,Ended,The Punisher
13,Comedy,English,23–53 min.,2015-03-06,1,Ended,Unbreakable Kimmy Schmidt
13,Comedy,English,23–53 min.,2016-04-15,2,Ended,Unbreakable Kimmy Schmidt
13,Comedy,English,23–53 min.,2017-05-19,3,Ended,Unbreakable Kimmy Schmidt
,Comedy,English,23–53 min.,2018-05-30,4,Ended,Unbreakable Kimmy Schmidt
,Comedy,English,23–53 min.,2019-01-25,,Ended,Unbreakable Kimmy Schmidt
5,Travel documentary,English,41–44 min.,"October 12, 2018",1,"Pending
",FightWorld
10,Docu-series,English,47–49 min.,"October 26, 2018",1,"Pending
",Terrorism Close Calls
8,Docu-series,English,46–61 min.,"November 9, 2018",1,"Pending
",Medal of Honor
6,Docu-series,English,50–53 min.,"November 16, 2018",1,Renewed,Dogs
6,Docu-series,English,25–35 min.,"November 16, 2018",1,"Pending
",Vai Anitta
3,Docu-series,English,45–46 min.,"December 14, 2018",1,"Pending
",Inside the Real Narcos
8,Sport,English,37–46 min.,"December 14, 2018",1,"Pending
",Sunderland 'Til I Die
6,True crime,English,42–52 min.,"December 14, 2018",1,"Miniseries
",The Innocent Man
30,Culinary art,English,42–58 min.,"April 26, 2015",6,Renewed,Chef's Table
15,Historical drama,English,38–48 min.,"November 11, 2016",3,"Pending
",Roman Empire
15,Historical drama,English,38–48 min.,"November 11, 2016",3,"Pending
",Roman Empire
15,Historical drama,English,38–48 min.,"November 11, 2016",3,"Pending
",Roman Empire
"
",Comedy-drama,English,25–35 min.,,,Renewed,Grace and Frankie
"
,Recurring
",Comedy-drama,English,25–35 min.,,,Renewed,Grace and Frankie
"
",Comedy-drama,English,25–35 min.,,,Renewed,Grace and Frankie
"Recurring
",Comedy-drama,English,25–35 min.,,,Renewed,Grace and Frankie
"Recurring
",Comedy-drama,English,25–35 min.,,,Renewed,Grace and Frankie
,Comedy-drama,English,25–35 min.,,,Renewed,Grace and Frankie
,Comedy-drama,English,25–35 min.,,,Renewed,Grace and Frankie
26,Crime drama,English,47–58 min.,"November 17, 2017",2,Ended,The Punisher
39,Neo-noir,English,44–56 min.,"November 20, 2015",3,Ended,Jessica Jones
30,Sport,English,52–76 min.,"July 29, 2016",4,"Pending
",Last Chance U
6,Docu-series,English,47–48 min.,"December 21, 2018",1,"Pending
",7 Days Out
6,True crime,English,43 min.,"December 28, 2018",1,"Pending
",Murder Mountain
6,Docu-series,English,22–27 min.,"January 18, 2019",1,"Pending
",Trigger Warning with Killer Mike
4,True crime,English,51–74 min.,"January 24, 2019",1,"Miniseries
",Conversations with a Killer: The Ted Bundy Tapes
3,True crime,English,51–54 min.,"January 25, 2019",1,"Pending
",Examination of Conscience
4,Docu-series,English,51–66 min.,"February 15, 2019",1,"Pending
",Larry Charles
8,Sport,English,25–37 min.,"March 1, 2019",1,"Pending
",Losers
8,Sport,English,33–44 min.,"March 1, 2019",1,"Pending
",Cricket Fever: Mumbai Indians
10,Sport,English,27–41 min.,"March 8, 2019",1,"Pending
",Formula 1: Drive to Survive
8,True crime,English,43–65 min.,"March 15, 2019",1,"Miniseries
",The Disappearance of Madeleine McCann
30,Culinary art,English,42–58 min.,"April 26, 2015",6,Renewed,Chef's Table
30,Culinary art,English,42–58 min.,"April 26, 2015",6,Renewed,Chef's Table
30,Culinary art,English,42–58 min.,"April 26, 2015",6,Renewed,Chef's Table
30,Culinary art,English,42–58 min.,"April 26, 2015",6,Renewed,Chef's Table
30,Culinary art,English,42–58 min.,"April 26, 2015",6,Renewed,Chef's Table
39,Neo-noir,English,44–56 min.,"November 20, 2015",3,Ended,Jessica Jones
39,Neo-noir,English,44–56 min.,"November 20, 2015",3,Ended,Jessica Jones
30,Sport,English,52–76 min.,"July 29, 2016",4,"Pending
",Last Chance U
30,Sport,English,52–76 min.,"July 29, 2016",4,"Pending
",Last Chance U
30,Sport,English,52–76 min.,"July 29, 2016",4,"Pending
",Last Chance U
20,Crime drama,English,47–77 min.,"December 18, 2015",2,"Ended
",Making a Murderer
39,Crime drama,English,46–61 min.,"April 10, 2015",3,Ended,Daredevil
8,Nature documentary,English,49–54 min.,"April 5, 2019",1,"Miniseries
",Our Planet
9,Culinary art,English,30–34 min.,"April 26, 2019",1,"Pending
",Street Food
5,Docu-series,English,44–52 min.,"May 17, 2019",1,"Miniseries
",1994
7,Docu-series,English,42–58 min.,"May 31, 2019",1,"Pending
",Killer Ratings
8,Culinary art,English,26–33 min.,"June 7, 2019",1,Renewed,The Chef Show
5,True crime,English,53–66 min.,"June 14, 2019",1,"Pending
",The Alcàsser Murders
4,True crime,English,29–41 min.,"June 28, 2019",1,"Pending
",Exhibit A
6,Docu-series,English,42–50 min.,"July 3, 2019",1,"Pending
",The Last Czars
6,Culinary art,English,26–31 min.,"July 12, 2019",1,"Pending
",Taco Chronicles
10,,English,45–48 min.,"December 9, 2016",1,Ended,White Rabbit Project
11,Travel documentary,English,28–32 min.,"September 22, 2017",2,"Pending
",Jack Whitehall: Travels with My Father
11,True crime,English,41–54 min.,"September 8, 2017",2,"Pending
",The Confession Tapes
,Travel documentary,English,55–63 min.,,,Renewed,Somebody Feed Phil
6,Travel documentary,English,55–63 min.,2018-01-12,1,Renewed,Somebody Feed Phil
6,Travel documentary,English,55–63 min.,2018-07-06,2,Renewed,Somebody Feed Phil
8,Documentary,English,43–51 min.,"December 22, 2017",2,Renewed,The Toys That Made Us
12,Documentary,English,36–48 min.,"December 22, 2017",3,"Pending
",Dope
12,Documentary,English,36–48 min.,"December 22, 2017",3,"Pending
",Dope
12,Documentary,English,36–48 min.,"December 22, 2017",3,"Pending
",Dope
16,Documentary,English,37–47 min.,"March 2, 2018",2,"Pending
",Girls Incarcerated
20,Crime drama,English,47–77 min.,"December 18, 2015",2,"Ended
",Making a Murderer
39,Crime drama,English,46–61 min.,"April 10, 2015",3,Ended,Daredevil
39,Crime drama,English,46–61 min.,"April 10, 2015",3,Ended,Daredevil
10,,English,26–33 min.,"December 27, 2016",1,Ended,Chasing Cameron
8,,English,43–52 min.,"April 6, 2018",1,Renewed,Fastest Car
12,Cooking show,English,13–15 min.,"June 22, 2018",1,"Ended
",Cooking on High
8,Baking competition,English,51–55 min.,"July 13, 2018",1,"Season 2 due to premiere on July 26, 2019",Sugar Rush
12,Reality,English,21–28 min.,"July 20, 2018",1,"Pending
",Amazing Interiors
6,Reality,English,22–25 min.,"August 17, 2018",1,Renewed,Magic for Humans
11,Travel documentary,English,28–32 min.,"September 22, 2017",2,"Pending
",Jack Whitehall: Travels with My Father
11,True crime,English,41–54 min.,"September 8, 2017",2,"Pending
",The Confession Tapes
8,Documentary,English,43–51 min.,"December 22, 2017",2,Renewed,The Toys That Made Us
16,Documentary,English,37–47 min.,"March 2, 2018",2,"Pending
",Girls Incarcerated
6,Sport,English,37–42 min.,"February 16, 2018",2,"Pending
",First Team: Juventus
6,Sport,English,37–42 min.,"February 16, 2018",2,"Pending
",First Team: Juventus
20,Docu-series,English,15–20 min.,"August 23, 2018",3,Ended,Follow This
20,Docu-series,English,15–20 min.,"August 23, 2018",3,Ended,Follow This
20,Docu-series,English,15–20 min.,"August 23, 2018",3,Ended,Follow This
8,Reality,English,31–33 min.,"August 17, 2018",1,"Pending
",Stay Here
6,Reality,English,38–43 min.,"September 7, 2018",1,"Pending
",First and Last
8,,English,31–40 min.,"September 14, 2018",1,"Pending
",Car Masters: Rust to Riches
8,Reality,English,38–46 min.,"September 21, 2018",1,"Pending
",Battlefish
8,,English,45–54 min.,"September 28, 2018",1,"Pending
",Made In Mexico
8,,English,38–46 min.,"October 5, 2018",1,"Pending
",Dancing Queen
6,Cooking show,English,24–29 min.,"October 12, 2018",1,Ended ,The Curious Creations of Christine McConnell
6,,English,20–31 min.,"October 19, 2018",1,"Pending
",Haunted
8,Music,English,46–58 min.,"November 9, 2018",1,"Pending
",Westside
10,Culinary competition,English,48–60 min.,"November 20, 2018",1,"Pending
",The Final Table
8,Reality,English,31–39 min.,"November 30, 2018",1,"Pending
",Death by Magic
7,Reality competition,English,33–35 min.,"December 7, 2018",1,"Pending
",Nailed It! Holiday
8,Reality show,English,35–47 min.,"January 1, 2019",1,"Pending
",Tidying Up with Marie Kondo
6,Reality,English,32–34 min.,"February 8, 2019",1,"Pending
",Nailed It!
6,Reality,English,24–30 min.,"February 14, 2019",1,"Pending
",Dating Around
8,Reality,English,28–42 min.,"March 22, 2019",1,"Pending
",Selling Sunset
8,Reality,English,14–26 min.,"April 10, 2019",1,"Pending
",You vs. Wild
10,Reality television,English,20–25 min.,"May 3, 2019",1,"Pending
",Flinch
10,Reality television,English,37–47 min.,"May 10, 2019",1,"Pending
",Jailbirds
8,Reality television,English,35–41 min.,"June 14, 2019",1,"Pending
",Awake: The Million Dollar Game
8,Reality television,English,32–40 min.,"July 12, 2019",1,"Pending
",Extreme Engagement
6,Reality competition,English,,"August 2, 2019",1,"Pending
",Basketball or Nothing
7,Aftershow,English,15–25 min.,"October 27, 2017",1,"Ended
",Beyond Stranger Things
12,Variety show,English,21–29 min.,"May 4, 2018",1,"Ended
",A Little Help with Carol Burnett
10,Korean language,English,75–98 min.,"May 4, 2018",1,Renewed,Busted!
10,Late-night,English,27 min.,"May 27, 2018",1,Ended,The Break with Michelle Wolf
10,Talk show,English,26–35 min.,"September 14, 2018",1,Ended,Norm Macdonald Has a Show
10,Panel show,English,23–31 min.,"December 14, 2018",1,"Pending
",The Fix
13,Fuji Television,English,43–51 min.,"December 1, 2015",1,Ended,Atelier
10,Yoshimoto Kogyo,English,46–60 min.,"June 2, 2016",1,"Ended
",Hibana: Spark
8,ZDF,English,51–53 min.,"December 8, 2016",1,"Ended
",The Cuba Libre Story
4,RTVE,English,86–96 min.,"September 12, 2016",1,"Ended
",Four Seasons in Havana
8,ITV,English,42–45 min.,"November 17, 2016",1,Ended,Paranoid
6,E4,English,42–45 min.,"December 16, 2016",1,Ended,Crazyhead
12,Kyodo Television,English,16–24 min.,"March 17, 2017",1,Ended,Samurai Gourmet
12,TV Tokyo,English,24 min.,"July 7, 2017",1,Ended,Kantaro: The Sweet Tooth Salaryman
12,TV Tokyo,English,24 min.,"August 15, 2017",1,Ended,Million Yen Women
6,CBC,English,43–46 min.,"November 3, 2017",1,"Miniseries
",Alias Grace
12,Kansai TV,English,26–32 min.,"December 15, 2017",1,"Ended
",Erased
8,Channel 4,English,18–22 min.,"January 5, 2018",1,Renewed,The End of the F***ing World
12,TV Tokyo,English,26 min.,"January 12, 2018",1,Ended,Mob Psycho 100
10,USA Network,English,42–55 min.,"February 1, 2018",1,Ended,Damnation
4,BBC Two,English,56–59 min.,"March 9, 2018",1,"Miniseries
",Collateral
6,BBC One,English,57–58 min.,"March 23, 2018",1,"Ended
",Requiem
8,BBC One,English,57–58 min.,"April 6, 2018",1,"Ended
",Troy: Fall of a City
7,ABC,English,27–30 min.,"April 21, 2018",1,"Season 2 due to premiere on July 31, 2019",The Letdown
10,ABC,English,26 min.,"April 27, 2018",1,"Ended
",The New Legends of Monkey
,Competition,English,12–35 min.,,,"Pending
",Nailed It!
,Makeover reality,English,43–52 min.,,,Renewed,Queer Eye
29,,English,41–84 min.,"February 24, 2017",3,"Pending
",Ultimate Beastmaster
8,C8,English,41–48 min.,"May 10, 2018",1,"Ended
",Safe
6,Channel 4,English,46–48 min.,"June 29, 2018",1,"Ended
",Kiss Me First
10,Crime + Investigation,English,50–53 min.,"August 3, 2018",1,"Pending
",I Am a Killer
6,BBC One,English,56–59 min.,"October 19, 2018",1,"Pending
",Wanderlust
6,ABC,English,54–59 min.,"December 7, 2018",1,"Pending
",Pine Gap
6,Competition,English,12–35 min.,2018-03-09,1,"Pending
",Nailed It!
7,Competition,English,12–35 min.,2018-06-29,2,"Pending
",Nailed It!
"7,December 7, 2018",Competition,English,12–35 min.,,,"Pending
",Nailed It!
6,Competition,English,12–35 min.,2019-05-17,3,"Pending
",Nailed It!
8,Makeover reality,English,43–52 min.,2018-02-07,1,Renewed,Queer Eye
8,Makeover reality,English,43–52 min.,2018-06-15,2,Renewed,Queer Eye
"June 21, 2018",Makeover reality,English,43–52 min.,,Special,Renewed,Queer Eye
8,Makeover reality,English,43–52 min.,2019-03-15,3,Renewed,Queer Eye
8,Makeover reality,English,43–52 min.,2019-07-19,4,Renewed,Queer Eye
29,,English,41–84 min.,"February 24, 2017",3,"Pending
",Ultimate Beastmaster
29,,English,41–84 min.,"February 24, 2017",3,"Pending
",Ultimate Beastmaster
6,ZDFneo,English,53–67 min.,"December 21, 2018",1,"Pending
",Perfume
4,BBC One,English,50–51 min.,"December 23, 2018",1,"Miniseries
",Watership Down
8,BBC Two,English,60 min.,"January 25, 2019",1,"Miniseries
",Black Earth Rising
10,Syfy,English,40–59 min.,"February 1, 2019",1,Ended,Nightflyers
10,CBC,English,44–45 min.,"March 1, 2019",1,"Pending
",Northern Rescue
6,Channel 4,English,46–47 min.,"March 29, 2019",1,"Pending
",Traitors
11,Univision,English,35–45 min.,"April 5, 2019",1,"Pending
",Tijuana
10,Eén,English,46–54 min.,"May 3, 2019",1,Renewed ,Undercover
,Science,English,26–41 min.,,,"Ended
",Bill Nye Saves the World
120,Late-night,English,27–64 min.,"May 11, 2016",2,Ended,Chelsea
120,Late-night,English,27–64 min.,"May 11, 2016",2,Ended,Chelsea
13,season 6,English,22 min.,"March 7, 2014",1,Ended,Star Wars: The Clone Wars
6,season 4,English,54–60 min.,"August 1, 2014",1,Ended,The Killing
,Talk show,English,23–30 min.,,,"Volume 4 due to premiere on August 4, 2019
",Patriot Act with Hasan Minhaj
13,Science,English,26–41 min.,2017-04-21,1,"Ended
",Bill Nye Saves the World
6,Science,English,26–41 min.,2017-12-29,2,"Ended
",Bill Nye Saves the World
6,Science,English,26–41 min.,2018-05-11,3,"Ended
",Bill Nye Saves the World
19,Comedy,English,22–28 min.,"February 18, 2018",2,Ended,The Joel McHale Show with Joel McHale
19,Comedy,English,22–28 min.,"February 18, 2018",2,Ended,The Joel McHale Show with Joel McHale
12,Interview,English,41–58 min.,"January 12, 2018",2,"Pending
",My Next Guest Needs No Introduction with David Letterman
10,Drama,English,23–24 min.,"October 21, 2016",1,Renewed,Midnight Diner
8,Comedy,English,30–38 min.,"September 29, 2017",1,"Ended
",Real Rob
6,Paranormal-drama,English,54–57 min.,"November 28, 2017",1,Renewed,Glitch
3,Docu-series,English,46–53 min.,"June 8, 2018",1,"Ended
",The Staircase
,Talk show,English,23–30 min.,,,"Volume 4 due to premiere on August 4, 2019
",Patriot Act with Hasan Minhaj
7,Talk show,English,23–30 min.,2018-10-28,Volume 1,"Volume 4 due to premiere on August 4, 2019
",Patriot Act with Hasan Minhaj
6,Talk show,English,23–30 min.,2019-02-10,Volume 2,"Volume 4 due to premiere on August 4, 2019
",Patriot Act with Hasan Minhaj
6,Talk show,English,23–30 min.,2019-05-12,Volume 3,"Volume 4 due to premiere on August 4, 2019
",Patriot Act with Hasan Minhaj
12,Interview,English,41–58 min.,"January 12, 2018",2,"Pending
",My Next Guest Needs No Introduction with David Letterman
16,Docu-series,English,22 min.,"October 2, 2018",1,"Pending
",MeatEater
8,Comedy,English,23–26 min.,"October 5, 2018",1,"Pending
",Little Things
4,Docu-series,English,42–52 min.,"October 19, 2018",1,"Pending
",Hip-Hop Evolution
10,Science fiction,English,43–50 min.,"December 14, 2018",1,Ended,Travelers
10,Fantasy,English,48–55 min.,"May 8, 2019",1,Renewed for final season,Lucifer
8,Horror,English,45–48 min.,"May 23, 2019",1,"Pending
",Slasher
10,Political thriller,English,47–53 min.,"June 7, 2019",1,"Pending
",Designated Survivor
10,Drama,English,46–60 min.,"June 7, 2019",1,"Miniseries
",Armistead Maupin's Tales of the City
8,Thriller,English,41–57 min.,"July 19, 2019",1,"Pending
",Money Heist
,Discovery,English,43–52 min.,,,"Pending
",Frontier
,Showcase,English,44–50 min.,,,"Ended
",Travelers
,Discovery,English,43–52 min.,,,"Pending
",Frontier
6,Discovery,English,43–52 min.,2016-11-06,1,"Pending
",Frontier
6,Discovery,English,43–52 min.,2017-10-18,2,"Pending
",Frontier
6,Discovery,English,43–52 min.,2018-12-07,3,"Pending
",Frontier
,Showcase,English,44–50 min.,,,"Ended
",Travelers
12,Showcase,English,44–50 min.,2016-10-17,1,"Ended
",Travelers
12,Showcase,English,44–50 min.,2017-10-16,2,"Ended
",Travelers
10,Showcase,English,44–50 min.,2018-12-14,3,"Ended
",Travelers
,CBC,English,44–88 min.,,,Renewed,Anne with an E
,BBC America,English,41–53 min.,,,Ended,Dirk Gently's Holistic Detective Agency
52,7TWO,English,12 min.,"August 19, 2016",2,"Ended
",Bottersnikes and Gumbles
,7TWO,English,15–24 min.,,,"Pending
",Beat Bugs
,CBC,English,44–88 min.,,,Renewed,Anne with an E
7,CBC,English,44–88 min.,2017-03-19,1,Renewed,Anne with an E
"10,July 6, 2018",CBC,English,44–88 min.,,2,Renewed,Anne with an E
,BBC America,English,41–53 min.,,,Ended,Dirk Gently's Holistic Detective Agency
8,BBC America,English,41–53 min.,2016-10-22,1,Ended,Dirk Gently's Holistic Detective Agency
10,BBC America,English,41–53 min.,2017-10-14,2,Ended,Dirk Gently's Holistic Detective Agency
52,7TWO,English,12 min.,"August 19, 2016",2,"Ended
",Bottersnikes and Gumbles
27,Fuji Television,English,43–49 min.,"May 13, 2016",2,"Ended
",Good Morning Call
27,Fuji Television,English,43–49 min.,"May 13, 2016",2,"Ended
",Good Morning Call
,7TWO,English,15–24 min.,,,"Pending
",Beat Bugs
,7TWO,English,15–24 min.,,,"Pending
",Beat Bugs
,7TWO,English,15–24 min.,,,"Pending
",Beat Bugs
,7TWO,English,15–24 min.,,,"Pending
",Beat Bugs
,7TWO,English,15–24 min.,,,"Pending
",Beat Bugs
,7TWO,English,15–24 min.,,,"Pending
",Beat Bugs
,7TWO,English,15–24 min.,,,"Pending
",Beat Bugs
,7TWO,English,15–24 min.,,,"Pending
",Beat Bugs
,7TWO,English,15–24 min.,,,"Pending
",Beat Bugs
,7TWO,English,15–24 min.,,,"Pending
",Beat Bugs
,7TWO,English,15–24 min.,,,"Pending
",Beat Bugs
,7TWO,English,15–24 min.,,,"Pending
",Beat Bugs
,7TWO,English,15–24 min.,,,"Pending
",Beat Bugs
,7TWO,English,15–24 min.,,,"Pending
",Beat Bugs
27,Family Channel,English,27–29 min.,"April 1, 2016",2,"Ended
",Lost & Found Music Studios
27,Family Channel,English,27–29 min.,"April 1, 2016",2,"Ended
",Lost & Found Music Studios
40,Family Channel,English,24 min.,"January 15, 2016",4,Ended,Degrassi: Next Class
,City,English,44 min.,,,"Ended
",Between
40,Family Channel,English,24 min.,"January 15, 2016",4,Ended,Degrassi: Next Class
40,Family Channel,English,24 min.,"January 15, 2016",4,Ended,Degrassi: Next Class
40,Family Channel,English,24 min.,"January 15, 2016",4,Ended,Degrassi: Next Class
26,ZDF,English,24 min.,"May 22, 2015",2,"Ended
",H
26,ZDF,English,24 min.,"May 22, 2015",2,"Ended
",H
,City,English,44 min.,,,"Ended
",Between
6,City,English,44 min.,2015-05-21,1,"Ended
",Between
6,City,English,44 min.,2016-06-30,2,"Ended
",Between
44,Fuji Television,English,27–37 min.,"October 26, 2017",2,"Ended
",Ainori
,CBBC,English,28–59 min.,,,"Season 3 due to premiere on July 26, 2019",The Worst Witch
,Univision,English,39–55 min.,,,Ended,El Chapo
24,NRK,English,43–58 min.,"February 6, 2012",3,Ended,Lilyhammer
,TVN,English,72 min.,,,"Season 1 ongoing
",Designated Survivor: 60 Days
44,Fuji Television,English,27–37 min.,"October 26, 2017",2,"Ended
",Ainori
50,seasons 8–12,English,22–32 min.,"September 5, 2014",5,"Ended
",Trailer Park Boys
,CBBC,English,28–59 min.,,,"Season 3 due to premiere on July 26, 2019",The Worst Witch
,CBBC,English,28–59 min.,,,"Season 3 due to premiere on July 26, 2019",The Worst Witch
,CBBC,English,28–59 min.,,,"Season 3 due to premiere on July 26, 2019",The Worst Witch
,CBBC,English,28–59 min.,,,"Season 3 due to premiere on July 26, 2019",The Worst Witch
,CBBC,English,28–59 min.,,,"Season 3 due to premiere on July 26, 2019",The Worst Witch
,CBBC,English,28–59 min.,,,"Season 3 due to premiere on July 26, 2019",The Worst Witch
,CBBC,English,28–59 min.,,,"Season 3 due to premiere on July 26, 2019",The Worst Witch
,CBBC,English,28–59 min.,,,"Season 3 due to premiere on July 26, 2019",The Worst Witch
,CBBC,English,28–59 min.,,,"Season 3 due to premiere on July 26, 2019",The Worst Witch
,CBBC,English,28–59 min.,,,"Season 3 due to premiere on July 26, 2019",The Worst Witch
,CBBC,English,28–59 min.,,,"Season 3 due to premiere on July 26, 2019",The Worst Witch
,CBBC,English,28–59 min.,,,"Season 3 due to premiere on July 26, 2019",The Worst Witch
,CBBC,English,28–59 min.,,,"Season 3 due to premiere on July 26, 2019",The Worst Witch
,CBBC,English,28–59 min.,,,"Season 3 due to premiere on July 26, 2019",The Worst Witch
,Univision,English,39–55 min.,,,Ended,El Chapo
10,Univision,English,39–55 min.,2017-04-23,1,Ended,El Chapo
12,Univision,English,39–55 min.,2017-09-17,2,Ended,El Chapo
,Period drama,English,52–59 min.,,,Renewed,The Last Kingdom
24,NRK,English,43–58 min.,"February 6, 2012",3,Ended,Lilyhammer
24,NRK,English,43–58 min.,"February 6, 2012",3,Ended,Lilyhammer
,TVN,English,72 min.,,,"Season 1 ongoing
",Designated Survivor: 60 Days
21,TVN,English,72 min.,2016-09-21,1,"Season 1 ongoing
",Designated Survivor: 60 Days
22,TVN,English,72 min.,2017-09-27,2,"Season 1 ongoing
",Designated Survivor: 60 Days
"10,June 7, 2019",TVN,English,72 min.,,3,"Season 1 ongoing
",Designated Survivor: 60 Days
16,Comedy,English,25–28 min.,"November 17, 2016",2,"Ended
",Lovesick
16,Comedy,English,25–28 min.,"November 17, 2016",2,"Ended
",Lovesick
,seasons 3–5,English,52–89 min.,,,"Pending
",Black Mirror
50,seasons 8–12,English,22–32 min.,"September 5, 2014",5,"Ended
",Trailer Park Boys
50,seasons 8–12,English,22–32 min.,"September 5, 2014",5,"Ended
",Trailer Park Boys
50,seasons 8–12,English,22–32 min.,"September 5, 2014",5,"Ended
",Trailer Park Boys
50,seasons 8–12,English,22–32 min.,"September 5, 2014",5,"Ended
",Trailer Park Boys
,seasons 4–6,English,55–71 min.,,,Ended,Longmire
"
",CBBC,English,28–59 min.,,,"Season 3 due to premiere on July 26, 2019",The Worst Witch
"N/A
",CBBC,English,28–59 min.,,,"Season 3 due to premiere on July 26, 2019",The Worst Witch
,CBBC,English,28–59 min.,,,"Season 3 due to premiere on July 26, 2019",The Worst Witch
"N/A
",CBBC,English,28–59 min.,,,"Season 3 due to premiere on July 26, 2019",The Worst Witch
"
",CBBC,English,28–59 min.,,,"Season 3 due to premiere on July 26, 2019",The Worst Witch
"
",CBBC,English,28–59 min.,,,"Season 3 due to premiere on July 26, 2019",The Worst Witch
"N/A
",CBBC,English,28–59 min.,,,"Season 3 due to premiere on July 26, 2019",The Worst Witch
,CBBC,English,28–59 min.,,,"Season 3 due to premiere on July 26, 2019",The Worst Witch
"N/A
",CBBC,English,28–59 min.,,,"Season 3 due to premiere on July 26, 2019",The Worst Witch
"N/A
",CBBC,English,28–59 min.,,,"Season 3 due to premiere on July 26, 2019",The Worst Witch
13,Univision,English,39–55 min.,2018-07-09,3,Ended,El Chapo
,Period drama,English,52–59 min.,,,Renewed,The Last Kingdom
8,Period drama,English,52–59 min.,2015-10-10,1,Renewed,The Last Kingdom
8,Period drama,English,52–59 min.,2017-03-16,2,Renewed,The Last Kingdom
"10,19 November 2018",Period drama,English,52–59 min.,,3,Renewed,The Last Kingdom
,(seasons 4–5,English,22–23 min.,,,"Ended
",Arrested Development
,seasons 3–5,English,52–89 min.,,,"Pending
",Black Mirror
3,seasons 3–5,English,52–89 min.,2011-12-04,1,"Pending
",Black Mirror
3,seasons 3–5,English,52–89 min.,2013-02-11,2,"Pending
",Black Mirror
16 December 2014,seasons 3–5,English,52–89 min.,,Special,"Pending
",Black Mirror
"6,21 October 2016",seasons 3–5,English,52–89 min.,,3,"Pending
",Black Mirror
,seasons 4–6,English,55–71 min.,,,Ended,Longmire
10,seasons 4–6,English,55–71 min.,2012-06-03,1,Ended,Longmire
13,seasons 4–6,English,55–71 min.,2013-05-27,2,Ended,Longmire
10,seasons 4–6,English,55–71 min.,2014-06-02,3,Ended,Longmire
"10,September 10, 2015",seasons 4–6,English,55–71 min.,,4,Ended,Longmire
"N/A
",CBBC,English,28–59 min.,,,"Season 3 due to premiere on July 26, 2019",The Worst Witch
"N/A
",CBBC,English,28–59 min.,,,"Season 3 due to premiere on July 26, 2019",The Worst Witch
"
",CBBC,English,28–59 min.,,,"Season 3 due to premiere on July 26, 2019",The Worst Witch
"N/A
",CBBC,English,28–59 min.,,,"Season 3 due to premiere on July 26, 2019",The Worst Witch
,(seasons 4–5,English,22–23 min.,,,"Ended
",Arrested Development
22,(seasons 4–5,English,22–23 min.,2003-11-02,1,"Ended
",Arrested Development
18,(seasons 4–5,English,22–23 min.,2004-11-07,2,"Ended
",Arrested Development
"6,29 December 2017",seasons 3–5,English,52–89 min.,,4,"Pending
",Black Mirror
28 December 2018,seasons 3–5,English,52–89 min.,,Film,"Pending
",Black Mirror
"3,5 June 2019",seasons 3–5,English,52–89 min.,,5,"Pending
",Black Mirror
"10,September 23, 2016",seasons 4–6,English,55–71 min.,,5,Ended,Longmire
"10,November 17, 2017",seasons 4–6,English,55–71 min.,,6,Ended,Longmire
"N/A
",CBBC,English,28–59 min.,,,"Season 3 due to premiere on July 26, 2019",The Worst Witch
"N/A
",CBBC,English,28–59 min.,,,"Season 3 due to premiere on July 26, 2019",The Worst Witch
"N/A
",CBBC,English,28–59 min.,,,"Season 3 due to premiere on July 26, 2019",The Worst Witch
"
",CBBC,English,28–59 min.,,,"Season 3 due to premiere on July 26, 2019",The Worst Witch
"
",CBBC,English,28–59 min.,,,"Season 3 due to premiere on July 26, 2019",The Worst Witch
"
",CBBC,English,28–59 min.,,,"Season 3 due to premiere on July 26, 2019",The Worst Witch
,CBBC,English,28–59 min.,,,"Season 3 due to premiere on July 26, 2019",The Worst Witch
,CBBC,English,28–59 min.,,,"Season 3 due to premiere on July 26, 2019",The Worst Witch
,CBBC,English,28–59 min.,,,"Season 3 due to premiere on July 26, 2019",The Worst Witch
,CBBC,English,28–59 min.,,,"Season 3 due to premiere on July 26, 2019",The Worst Witch
,CBBC,English,28–59 min.,,,"Season 3 due to premiere on July 26, 2019",The Worst Witch
,CBBC,English,28–59 min.,,,"Season 3 due to premiere on July 26, 2019",The Worst Witch
,CBBC,English,28–59 min.,,,"Season 3 due to premiere on July 26, 2019",The Worst Witch
,CBBC,English,28–59 min.,,,"Season 3 due to premiere on July 26, 2019",The Worst Witch
"
",CBBC,English,28–59 min.,,,"Season 3 due to premiere on July 26, 2019",The Worst Witch
49,Fuji Television,English,32–44 min.,"December 19, 2017",6,"Ended
",Terrace House: Opening New Doors
13,(seasons 4–5,English,22–23 min.,2005-09-19,3,"Ended
",Arrested Development
"15 , , 22 ,May 26, 2013, , , May 3, 2018, ",(seasons 4–5,English,22–23 min.,,4,"Ended
",Arrested Development
"May 29, 2018",(seasons 4–5,English,22–23 min.,,5,"Ended
",Arrested Development
"March 15, 2019",(seasons 4–5,English,22–23 min.,,,"Ended
",Arrested Development
"N/A
",CBBC,English,28–59 min.,,,"Season 3 due to premiere on July 26, 2019",The Worst Witch
"N/A
",CBBC,English,28–59 min.,,,"Season 3 due to premiere on July 26, 2019",The Worst Witch
"N/A
",CBBC,English,28–59 min.,,,"Season 3 due to premiere on July 26, 2019",The Worst Witch
"N/A
",CBBC,English,28–59 min.,,,"Season 3 due to premiere on July 26, 2019",The Worst Witch
49,Fuji Television,English,32–44 min.,"December 19, 2017",6,"Ended
",Terrace House: Opening New Doors
49,Fuji Television,English,32–44 min.,"December 19, 2017",6,"Ended
",Terrace House: Opening New Doors
49,Fuji Television,English,32–44 min.,"December 19, 2017",6,"Ended
",Terrace House: Opening New Doors
49,Fuji Television,English,32–44 min.,"December 19, 2017",6,"Ended
",Terrace House: Opening New Doors
49,Fuji Television,English,32–44 min.,"December 19, 2017",6,"Ended
",Terrace House: Opening New Doors
4,Crime drama,English,,,1,"Worldwide
",Top Boy
8,Sports,"English
",,2017,1,"English
",21 Thunder
20,Drama,"Korean
",,2017,1,"Korean
",A Korean Odyssey
12,Drama,"Chinese
",,2018,1,"Chinese
",A Taiwanese Tale of Two Cities
10,Drama,"Chinese
",,2019,1,"Chinese
",A Thousand Goodnights
16,fantasy,"Korean
",,2019,1,"Korean
",Abyss
30,Romantic comedy,"Chinese
",,2018,1,"Chinese
",Accidentally in Love
6,Science fiction,"French
",,2018,1,"French
",Ad Vitam
14,Talk Show,"English
",,2017,1,"English
",After Trek
10,Period drama,"English
",,2018,1,"English
",The Alienist
13,Teen drama,"English
",,2018,1,"English
",The A List
7,Talent show,"English
",,2019,1,"English
",America's Got Talent: The Champions
7,Talent show,"English
",,2019,1,"English
",American Idol
13,Crime drama,"Filipino
",,2018,1,"Filipino
",AMO
18,Comedy,"Thai
",,2019,1,"Thai
",Answer for Heaven
8,Drama,"Korean
",,2017,1,"Korean
",Argon
18,fantasy,"Korean
",,2019,1,"Korean
",Arthdal Chronicles
12,Docu-series,"English
",,2017,1,"English
",Ask the Doctor
10,Anime,"Japanese
",,2018,1,"Japanese
",Back Street Girls
7,Reality,"English
",,2018,1,"English
",Back with the Ex
16,Police procedural,"Korean
",,2018,1,"Korean
",Bad Guys: Vile City
13,Drama,"Thai
",,2018,1,"Thai
",Bangkok Love Stories: Hey You!
13,Drama,"Thai
",,2018,1,"Thai
",Bangkok Love Stories: Innocence
13,Drama,"Thai
",,2019,1,"Thai
",Bangkok Love Stories: Objects of Affection
13,Drama,"Thai
",,2019,1,"Thai
",Bangkok Love Stories: Plead
10,Drama,"English, German
",,2016,1,"English, German
",Berlin Station
6,Police procedural,"Galician
",,2019,1,"Galician
",Bitter Daisies
18,Thriller,"Korean
",,2017,1,"Korean
",Black
8,Crime drama,"Portuguese
",,2018,1,"Portuguese
",Blood Pact
10,Reality,"English
",,2019,1,"English
",Blown Away
6,Political thriller,"English
",,2018,1,"English
",Bodyguard
60,Period drama,"Spanish
",,2019,1,"Spanish
",Bolívar
8,Police procedural,"Norwegian
",,2017,1,"Norwegian
",Borderliner
4,Drama,"Spanish
",,2016,1,"Spanish
",Call Me Francis
6,Crime drama,"French
",,2015,1,"French
",Cannabis
12,Police procedural,"Italian
",,2018,1,"Italian
",Carlo & Malik
9,Crime drama,"Icelandic
",,2015,1,"Icelandic
",Case
8,Historical fiction,"Spanish
",,2017,1,"Spanish
",Cathedral of the Sea
6,Thriller,"French
",,2018,1,"French
",The Chalet
10,Comedy-drama,"English
",,2018,1,"English
",Champions
6,Period drama,"German
",,2017,1,"German
",Charité
10,Political drama,"Korean
",,2019,1,"Korean
",Chief of Staff
12,Anime,"Japanese
",,2017,1,"Japanese
",Children of the Whales
10,Animation,"English
",,2018,1,"English
",Chip and Potato
3,Thriller,"Chinese
",,2018,1,"Chinese
",Chosen
5,Reality,"English
",,2018,1,"English
",Churchill's Secret Agents: The New Recruits
10,Drama,"Spanish
",,2018,1,"Spanish
",Cocaine Coast
6,Comedy-drama,"English
",,2016,1,"English
",Crashing
13,Horror,"English
",,2017,1,"English
",Creeped Out
12,Anime,"Japanese
",,2017,1,"Japanese
",Cyborg 009: Call of Justice
26,Anime,"Japanese
",,2016,2,"Japanese
",Ajin: Demi-Human
24,Espionage,"French
",,2015,2,"French
",A Very Secret Service
24,Espionage,"French
",,2015,2,"French
",A Very Secret Service
12,Crime drama,"Finnish
",,2018,1,"Finnish
",Deadwind
4,Docu-series,"English
",,2017,1,"English
",The Defiant Ones
6,Comedy,"English
",,2018,1,"English
",Derry Girls
8,True crime,"English
",,2018,1,"English
",Dirty John
12,Anime,"Japanese
",,,1,"Japanese
",Dragon Pilot: Hisone and Masotan
13,Crime drama,"Spanish
",,2016,1,"Spanish
",El Marginal
13,Drama,"Spanish
",,2018,1,"Spanish
",El Recluso
26,Anime,"Japanese
",,2016,2,"Japanese
",Ajin: Demi-Human
25,Anime,"Japanese
",,2017,1,"Japanese
",Fate/Apocrypha
8,Drama,"Japanese
",,2017,1,"Japanese
",Final Fantasy XIV: Dad of Light
10,Animation,"English
",,2018,1,"English
",Final Space
20,Docu-series,"Chinese
",,,1,"Chinese
",Flavorful Origins
6,Thriller,"French
",,2017,1,"French
",The Forest
,Drama,"English
",,,,"English
",Bad Blood
10,Thriller,"Spanish
",,2018,1,"Spanish
",Fugitiva
6,Crime drama,"French
",,2017,1,"French
",The Frozen Dead
13,Science-fiction,"English
",,2017,1,"English
",Ghost Wars
13,Drama,"Thai
",,2018,1,"Thai
",Girl From Nowhere
6,Paranormal-drama,"English
",,2015,1,"English
",Glitch
,Drama,"English
",,,,"English
",Bad Blood
6,Drama,"English
",,2017-09-21,1,"English
",Bad Blood
8,Drama,"English
",,2018-10-11,2,"English
",Bad Blood
2,Baking,"English
",,2018,1,"English
",The Great British Baking Show
6,Drama,"Chinese
",,2019,1,"Chinese
",Green Door
10,Murder mystery,"English
",,2016,1,"English
",Guilt
12,Anime,"Japanese
",,2018,1,"Japanese
",Hi Score Girl
4,Docu-series,"English
",,2016,1,"English
",Hip-Hop Evolution
11,Drama,"Spanish
",,2015,1,"Spanish
",Historia de un clan
10,Mystery,"Dutch
",,2017,1,"Dutch
",Hotel Beau Séjour
3,Drama,"Korean
",,2018,1,"Korean
",The Hymn of Death
12,Anime,"Japanese
",,2017,1,"Japanese
",ID-0
10,Fantasy,"Spanish
",,,1,"Spanish
",If I Hadn't Met You
8,Drama,"Turkish
",,2018,1,"Turkish
",Immortals
16,Crime drama,"French
",,2017,2,"French
",Black Spot
16,Crime drama,"French
",,2017,2,"French
",Black Spot
4,Comedy,"English
",,2017,1,"English
",The Indian Detective
11,Anime,"Japanese
",,2018,1,"Japanese
",Ingress: The Animation
4,Docu-series,"English
",,2017,1,"English
",Inside the Criminal Mind
20,Children,"English
",,2019,1,"English
",The InBESTigators
4,Docu-series,"English
",,2016,1,"English
",The Investigator: A British Crime Story
13,Drama,"Thai
",,2018,1,"Thai
",The Judgement
16,Drama,"German
",,2017,2,"German
",Babylon Berlin
7,Docu-series,"Spanish
",,2017,1,"Spanish
",Juana Inés
18,Drama,"Arabic
",,2017,1,"Arabic
",Justice: Qalb Al Adala
6,Crime thriller,"French
",,,1,"French
",La Mante
86,Drama,"Spanish
",,2016,1,"Spanish
",La Niña
,Teen drama,English,,,,"TBA
",Winx Club
16,Drama,"German
",,2017,2,"German
",Babylon Berlin
8,Historical fiction,"English
",,2015,1,"English
",
2,Documentary,"English
",,2019,1,"English
",Leaving Neverland
16,Drama,"Korean
",,2018,1,"Korean
",Life
18,Police procedural,"Korean
",,2018,1,"Korean
",Live
,Teen drama,English,,,,"TBA
",Winx Club
Unaired,Teen drama,English,,,Pilot,"TBA
",Winx Club
26,Teen drama,English,,2004-01-28,1,"TBA
",Winx Club
26,Teen drama,English,,2005-04-19,2,"TBA
",Winx Club
26,Teen drama,English,,2007-01-29,3,"TBA
",Winx Club
30 November 2007,Teen drama,English,,,,"TBA
",Winx Club
26,Teen drama,English,,2009-04-15,4,"TBA
",Winx Club
29 October 2010,Teen drama,English,,,,"TBA
",Winx Club
26,Teen drama,English,,2012-10-16,5,"TBA
",Winx Club
4 September 2014,Teen drama,English,,,,"TBA
",Winx Club
26,Teen drama,English,,2014-01-06,6,"TBA
",Winx Club
5,Drama,"English
",,2015,1,"English
",London Spy
13,Biographical,"Spanish
",,2018,1,"Spanish
",Luis Miguel - The Series
26,Comedy-drama,"Italian
",,2017,1,"Italian
",Maggie & Bianca Fashion Friends
13,Anime,"Japanese
",,2016,1,"Japanese
",Magi: The Adventure of Sinbad
16,Korean drama,"Korean
",,2017,1,"Korean
",Man to Man
8,Drama,"English
",,2017,1,"English
",Manhunt: Unabomber
26,Reality competition,"English
",,2017,2,"English
",The Big Family Cooking Showdown
26,Reality competition,"English
",,2017,2,"English
",The Big Family Cooking Showdown
26,Teen drama,English,,2015-09-21,7,"TBA
",Winx Club
26,Teen drama,English,,2019-04-15,8,"TBA
",Winx Club
4,Teen drama,English,,2011-11-21,Specials,"TBA
",Winx Club
16,Drama,"Russian
",,2018,2,"Russian
",Better than Humans
16,Drama,"Russian
",,2018,2,"Russian
",Better than Humans
,Drama,"English
",,,,"English
",Better Call Saul
30,Comedy-drama,"Swedish
",,2017,3,"Swedish
",Bonus Family
30,Comedy-drama,"Swedish
",,2017,3,"Swedish
",Bonus Family
30,Comedy-drama,"Swedish
",,2017,3,"Swedish
",Bonus Family
16,Fantasy,"Korean
",,2018,1,"Korean
",Memories of the Alhambra
13,Drama,"Catalan
",,2015,1,"Catalan
",Merlí
49,Romantic comedy,"Chinese
",,2018,1,"Chinese
",Meteor Garden
24,Drama,"Spanish
",,2018,1,"Spanish
",Millennials
6,Reality,"English
",,2018,1,"English
",Million Pound Menu
,Superhero,"English
",,,,"English
",Black Lightning
,Drama,"English
",,,,"English
",Better Call Saul
10,Drama,"English
",,2015-02-08,1,"English
",Better Call Saul
10,Drama,"English
",,2016-02-15,2,"English
",Better Call Saul
10,Drama,"English
",,2017-04-10,3,"English
",Better Call Saul
10,Drama,"English
",,2018-08-06,4,"English
",Better Call Saul
10,Horror,"English
",,2017,1,"English
",The Mist
15,Drama,"Spanish
",,2017,1,"Spanish
",Money Heist
13,Action,"Thai
",,2018,1,"Thai
",Monkey Twins
13,Historical Fiction,"Spanish
",,2017,1,"Spanish
",Morocco: Love in Times of War
24,Period drama,"Korean
",,2018,1,"Korean
",Mr. Sunshine
10,Drama,"Japanese
",,2019,1,"Japanese
",My Husband Won't Fit
13,Biography,"Spanish
",,2017,1,"Spanish
",Nicky Jam: El Ganador
,Superhero,"English
",,,,"English
",Black Lightning
13,Superhero,"English
",,2018-01-16,1,"English
",Black Lightning
16,Superhero,"English
",,2018-10-09,2,"English
",Black Lightning
TBA,Superhero,"English
",,2019-10-21,3,"English
",Black Lightning
,Drama,"Hebrew, Arabic
",,,,"Hebrew, Arabic
",Fauda
13,Anime,"Japanese
",,2018,2,"Japanese
",Fate/Extra Last Encore
,Comedy-drama,"Spanish
",,,,"Spanish
",El Vato
,Comedy-drama,"Spanish
",,,,"Spanish
",El Vato
10,Comedy-drama,"Spanish
",,2016-04-17,1,"Spanish
",El Vato
13,Comedy-drama,"Spanish
",,2017-08-27,2,"Spanish
",El Vato
14,Comedy-drama,"English
",,2012,3,"English
",Derek
,Drama,"Spanish
",,,,"Spanish
",The Department of Time
6,Thriller,"French
",,2015,1,"French
",No Second Chance
8,War drama,"Norwegian
",,2016,1,"Norwegian
",Nobel
3,Historical drama,"German
",,2016,1,"German
",NSU German History X
16,Drama,"Thai
",,2018,1,"Thai
",Oh My Ghost
5,Drama,"Chinese
",,2018,1,"Chinese
",On Children
50,Animation,"English
",,2015,2,"English
",Danger Mouse
,Comedy,"English
",,,,"English
",Cuckoo
,Sitcom,"English
",,,,"English
",Chewing Gum
,Sitcom,"English
",,,,"English
",Chewing Gum
6,Sitcom,"English
",,2015-10-06,1,"English
",Chewing Gum
,Drama,"Hebrew, Arabic
",,,,"Hebrew, Arabic
",Fauda
12,Drama,"Hebrew, Arabic
",,2015-02-15,1,"Hebrew, Arabic
",Fauda
12,Drama,"Hebrew, Arabic
",,2017-12-31,2,"Hebrew, Arabic
",Fauda
13,Anime,"Japanese
",,2018,2,"Japanese
",Fate/Extra Last Encore
14,Comedy-drama,"English
",,2012,3,"English
",Derek
14,Comedy-drama,"English
",,2012,3,"English
",Derek
,Drama,"Spanish
",,,,"Spanish
",The Department of Time
,Drama,"Spanish
",,,,"Spanish
",The Department of Time
,Drama,"Spanish
",,,,"Spanish
",The Department of Time
,Drama,"Spanish
",,,,"Spanish
",The Department of Time
16,Romance,"Korean
",,2019,1,"Korean
",One Spring Night
13,Animated sitcom,"English
",,2016,1,"English
",Pacific Heat
3,Travel documentary,"English
",,2017,1,"English
",Paul Hollywood
50,Animation,"English
",,2015,2,"English
",Danger Mouse
,Comedy,"English
",,,,"English
",Cuckoo
6,Comedy,"English
",,2012-09-25,1,"English
",Cuckoo
6,Comedy,"English
",,2014-08-07,2,"English
",Cuckoo
24 December 2014,Comedy,"English
",,,Christmas Special,"English
",Cuckoo
7,Comedy,"English
",,2016-02-16,3,"English
",Cuckoo
6,Sitcom,"English
",,2017-01-12,2,"English
",Chewing Gum
26,Anime,"Japanese
",,2018,2,"Japanese
",Last Hope
26,Anime,"Japanese
",,2016,2,"Japanese
",Kuromukuro
24,Anime,"Japanese
",,2014,2,"Japanese
",Knights of Sidonia
24,Anime,"Japanese
",,2018,2,"Japanese
",
18,Reality,"English
",,2017,2,"English
",Instant Hotel
,Drama,"Spanish
",,,,"Spanish
",The Department of Time
,Drama,"Spanish
",,,,"Spanish
",The Department of Time
,Drama,"Spanish
",,,,"Spanish
",The Department of Time
,Drama,"Spanish
",,,,"Spanish
",The Department of Time
,Drama,"Spanish
",,,,"Spanish
",The Department of Time
,Drama,"Spanish
",,,,"Spanish
",The Department of Time
,Drama,"Spanish
",,,,"Spanish
",The Department of Time
10,drama,"Spanish
",,2019,1,"Spanish
",Playing with Fire
6,Comedy,"English
",,2015,1,"English
",Pompidou
16,Comedy,"Korean
",,2017,1,"Korean
",Prison Playbook
82,Telenovela,"Spanish
",,2018,1,"Spanish
",The Queen of Flow
26,Anime,"Japanese
",,2018,2,"Japanese
",Last Hope
26,Anime,"Japanese
",,2016,2,"Japanese
",Kuromukuro
24,Anime,"Japanese
",,2014,2,"Japanese
",Knights of Sidonia
24,Anime,"Japanese
",,2018,2,"Japanese
",
18,Reality,"English
",,2017,2,"English
",Instant Hotel
,Drama,"Spanish
",,,,"Spanish
",The Department of Time
,Drama,"Spanish
",,,,"Spanish
",The Department of Time
,Drama,"Spanish
",,,,"Spanish
",The Department of Time
,Drama,"Spanish
",,,,"Spanish
",The Department of Time
,Drama,"Spanish
",,,,"Spanish
",The Department of Time
,Drama,"Spanish
",,,,"Spanish
",The Department of Time
,Drama,"Spanish
",,,,"Spanish
",The Department of Time
24,Drama,"Spanish
",,2017,2,"Spanish
",Locked Up
25,Anime,"Japanese
",,2017,2,"Japanese
",Little Witch Academia
39,Animation,"English
",,2015,3,"English
",Inspector Gadget
,Film noir,"English
",,,,"English
",Marcella
,Film noir,"English
",,,,"English
",Marcella
4,Crime drama,"English
",,2016,1,"English
",Retribution
16,Thriller,"Korean
",,2019,1,"Korean
",Possessed
10,Drama,"English
",,2015,1,"English
",The Returned
12,Anime,"Japanese
",,2019,1,"Japanese
",Revisions
,Children,"English
",,,,"English
",Mako Mermaids: An H2O Adventure
19,Reality,"English
",,2016,2,"English
",Heavy Rescue: 401
,Crime drama,"English
",,,,"English
",Happy Valley
,Crime drama,"English
",,,,"English
",Happy!
24,Drama,"Spanish
",,2017,2,"Spanish
",Locked Up
25,Anime,"Japanese
",,2017,2,"Japanese
",Little Witch Academia
39,Animation,"English
",,2015,3,"English
",Inspector Gadget
39,Animation,"English
",,2015,3,"English
",Inspector Gadget
8,Film noir,"English
",,,1,"English
",Marcella
8,Film noir,"English
",,,2,"English
",Marcella
70,Period drama,"Mandarin
",,2018,1,"Mandarin
",The Rise of Phoenixes
6,Crime drama,"English
",,2015,1,"English
",River
,Children,"English
",,,,"English
",Mako Mermaids: An H2O Adventure
26,Children,"English
",,2013-07-26,1,"English
",Mako Mermaids: An H2O Adventure
26,Children,"English
",,2015-02-15,2,"English
",Mako Mermaids: An H2O Adventure
16,Children,"English
",,2016-05-15,3,"English
",Mako Mermaids: An H2O Adventure
19,Reality,"English
",,2016,2,"English
",Heavy Rescue: 401
,Crime drama,"English
",,,,"English
",Happy Valley
,Crime drama,"English
",,,,"English
",Happy Valley
,Crime drama,"English
",,,,"English
",Happy Valley
,Crime drama,"English
",,,,"English
",Happy!
8,Crime drama,"English
",,2017-12-06,1,"English
",Happy!
10,Crime drama,"English
",,2019-03-27,2,"English
",Happy!
,Adult animation,"English
",,,,"English
",Mike Tyson Mysteries
,Historical fiction,"Italian, English
",,,,"Italian, English
",Medici: Masters of Florence
20,Sitcom,"English
",,2017,2,"English
",Marlon
16,Romantic comedy,"Korean
",,2019,1,"Korean
",Romance Is a Bonus Book
18,Period,"Korean
",,2019,1,"Korean
",Rookie Historian Goo Hae-Ryung
14,reality competition,"English
",,2019,1,"English
",Rupaul's Drag Race
,Psychological drama,"English
",,,,"English
",The Missing
,Adult animation,"English
",,,,"English
",Mike Tyson Mysteries
10,Adult animation,"English
",,2014-10-27,1,"English
",Mike Tyson Mysteries
20,Adult animation,"English
",,2015-11-01,2,"English
",Mike Tyson Mysteries
20,Adult animation,"English
",,2017-05-14,3,"English
",Mike Tyson Mysteries
10,Adult animation,"English
",,2019-06-30,4,"English
",Mike Tyson Mysteries
,Comedy,"English
",,,,"English
",Great News
,Historical fiction,"Italian, English
",,,,"Italian, English
",Medici: Masters of Florence
8,Historical fiction,"Italian, English
",,2016-10-18,,"Italian, English
",Medici: Masters of Florence
8,Historical fiction,"Italian, English
",,2018-10-23,,"Italian, English
",Medici: Masters of Florence
8,Historical fiction,"Italian, English
",,2019-11-12,,"Italian, English
",Medici: Masters of Florence
20,Sitcom,"English
",,2017,2,"English
",Marlon
12,reality competition,"English
",,2019,1,"English
",Rupaul's Drag Race
6,Drama,"German
",,2016,1,"German
",The Same Sky
12,Anime,"Japanese
",,2018,1,"Japanese
",Sirius the Jaeger
7,Family,"English
",,2017,1,"English
",Sisters
12,Comedy,"English
",,2016,2,"English
",Norsemen
12,Comedy,"English
",,2016,2,"English
",Norsemen
,Drama,"English
",,,,"English
",Greenleaf
,Psychological drama,"English
",,,,"English
",The Missing
8,Psychological drama,"English
",,2014-10-28,1,"English
",The Missing
8,Psychological drama,"English
",,2016-10-12,2,"English
",The Missing
,Comedy-drama,"English
",,,,"English
",Good Girls
,Comedy,"English
",,,,"English
",Great News
10,Comedy,"English
",,2017-04-25,1,"English
",Great News
13,Comedy,"English
",,2017-09-28,2,"English
",Great News
60,Baking,"English
",,2010,6,"English
",The Great British Baking Show
30,Anime,"English
",,2013,2,"English
",Glitter Force Doki Doki
,Fantasy,"English
",,,,"English
",The Good Place
8,Drama,"English
",,2017,1,"English
",The Sinner
10,Drama,"English
",,2017,1,"English
",Somewhere Between
10,Naver TV Cast,"Korean
",,2016,1,"Korean
",The Sound of Your Heart
,Drama,"English
",,,,"English
",Greenleaf
13,Drama,"English
",,2016-06-21,1,"English
",Greenleaf
16,Drama,"English
",,2017-03-15,2,"English
",Greenleaf
13,Drama,"English
",,2018-08-28,3,"English
",Greenleaf
,Comedy-drama,"English
",,,,"English
",Good Girls
10,Comedy-drama,"English
",,2018-02-26,1,"English
",Good Girls
13,Comedy-drama,"English
",,2019-03-03,2,"English
",Good Girls
60,Baking,"English
",,2010,6,"English
",The Great British Baking Show
60,Baking,"English
",,2010,6,"English
",The Great British Baking Show
60,Baking,"English
",,2010,6,"English
",The Great British Baking Show
60,Baking,"English
",,2010,6,"English
",The Great British Baking Show
60,Baking,"English
",,2010,6,"English
",The Great British Baking Show
30,Anime,"English
",,2013,2,"English
",Glitter Force Doki Doki
,Fantasy,"English
",,,,"English
",The Good Place
13,Fantasy,"English
",,2016-09-19,1,"English
",The Good Place
13,Fantasy,"English
",,2017-09-20,2,"English
",The Good Place
13,Fantasy,"English
",,2018-09-27,3,"English
",The Good Place
14,Fantasy,"English
",,2019-09-26,4,"English
",The Good Place
,Science fiction,"English
",,,,"English
",Orphan Black
4,Drama,"English
",,2013,1,"English
",Southcliffe
10,Comedy,"French, English
",,2015,1,"French, English
",Spotless
16,Thriller,"Korean
",,2017,1,"Korean
",Stranger
40,Anime,"English
",,2012,2,"English
",Glitter Force
,Science fiction,"English
",,,,"English
",Outlander
,Drama,"English
",,,,"English
",From Dusk till Dawn
12,Period,"English
",,,2,"English
",The Frankenstein Chronicles
12,Period,"English
",,,2,"English
",The Frankenstein Chronicles
20,Science fiction,"English
",,,2,"English
",ReBoot: The Guardian Code
10,Historical fiction,"Irish, English
",,2016,2,"Irish, English
",Rebellion
10,Historical fiction,"Irish, English
",,2016,2,"Irish, English
",Rebellion
26,Children's television series,"English
",,2015,2,"English
",Puffin Rock
,Science fiction,"English
",,,,"English
",Orphan Black
10,Science fiction,"English
",,2013-03-30,1,"English
",Orphan Black
10,Science fiction,"English
",,2014-04-19,2,"English
",Orphan Black
10,Science fiction,"English
",,2015-04-18,3,"English
",Orphan Black
10,Science fiction,"English
",,2016-04-14,4,"English
",Orphan Black
10,Science fiction,"English
",,2017-06-10,5,"English
",Orphan Black
12,Syfy,"English
",,2017,1,"English
",Superstition
60,Drama,"Spanish
",,2017,1,"Spanish
",Surviving Escobar: Alias J.J
9,Psychological thriller,"Dutch
",,2017,1,"Dutch
",Tabula Rasa
30,Comedy,"Chinese
",,2018,1,"Chinese
",Take My Brother Away
6,Documentary,"English
",,2017,1,"English
",Time: The Kalief Browder Story
7,Reality,"English
",,2019,1,"English
",Tiny House Nation
40,Anime,"English
",,2012,2,"English
",Glitter Force
,Horror,"English
",,,,"English
",Penny Dreadful
,Science fiction,"English
",,,,"English
",Outlander
,Science fiction,"English
",,2014-08-09,1,"English
",Outlander
,Science fiction,"English
",,2015-04-04,,"English
",Outlander
13,Science fiction,"English
",,2016-04-09,2,"English
",Outlander
13,Science fiction,"English
",,2017-09-10,3,"English
",Outlander
13,Science fiction,"English
",,2018-11-04,4,"English
",Outlander
,Drama,"English
",,,,"English
",From Dusk till Dawn
10,Drama,"English
",,2014-03-11,1,"English
",From Dusk till Dawn
10,Drama,"English
",,2015-08-25,2,"English
",From Dusk till Dawn
10,Drama,"English
",,2016-09-06,3,"English
",From Dusk till Dawn
20,Science fiction,"English
",,,2,"English
",ReBoot: The Guardian Code
26,Children's television series,"English
",,2015,2,"English
",Puffin Rock
,Crime drama,"English
",,,,"English
",Peaky Blinders
11,Superhero,"English
",,2018,1,"English
",Titans
10,Animation,"Korean
",,2018,1,"Korean
",Treehouse Detectives
4,Documentary,"English
",,2017,1,"English
",Trump: An American Dream
10,Crime drama,"Polish
",,2018,1,"Polish
",Ultraviolet
13,Drama,"Spanish
",,2018,1,"Spanish
",Unauthorized Living
,Teen drama,"English
",,,,"English
",Riverdale
32,Comedy-drama,"Danish
",,2012,4,"Danish
",Rita
,Horror,"English
",,,,"English
",Penny Dreadful
8,Horror,"English
",,2014-05-11,1,"English
",Penny Dreadful
10,Horror,"English
",,2015-05-03,2,"English
",Penny Dreadful
9,Horror,"English
",,2016-05-01,3,"English
",Penny Dreadful
24,Anime,"Japanese
",,,2,"Japanese
",Forest of Piano
18,Comedy-drama,"French
",,2015,3,"French
",Call My Agent!
18,Comedy-drama,"French
",,2015,3,"French
",Call My Agent!
18,Comedy-drama,"French
",,2015,3,"French
",Call My Agent!
38,Historical fiction,"English
",,2011,3,"English
",Borgia
38,Historical fiction,"English
",,2011,3,"English
",Borgia
38,Historical fiction,"English
",,2011,3,"English
",Borgia
,Crime drama,"Finnish
",,,,"Finnish
",Bordertown
,Crime drama,"Finnish
",,,,"Finnish
",Bordertown
11,Crime drama,"Finnish
",,2016-10-16,1,"Finnish
",Bordertown
,Crime drama,"English
",,,,"English
",Peaky Blinders
6,Crime drama,"English
",,2013-09-12,1,"English
",Peaky Blinders
6,Crime drama,"English
",,2014-10-02,2,"English
",Peaky Blinders
6,Crime drama,"English
",,2016-05-05,3,"English
",Peaky Blinders
6,Crime drama,"English
",,2017-11-15,4,"English
",Peaky Blinders
60,Crime drama,"Spanish
",,2018,1,"Spanish
",Undercover Law
10,Crime drama,"French
",,2017,1,"French
",Unit 42
24,Romance,"Chinese
",,2019,1,"Chinese
",Unrequited Love
10,True crime,"English
",,,1,"English
",Unsolved
16,Action,"Korean
",,2019,1,"Korean
",Vagabond
13,Anime,"Japanese
",,2018,1,"Japanese
",Violet Evergarden
,Teen drama,"English
",,,,"English
",Riverdale
13,Teen drama,"English
",,2017-01-26,1,"English
",Riverdale
22,Teen drama,"English
",,2017-10-11,2,"English
",Riverdale
22,Teen drama,"English
",,2018-10-10,3,"English
",Riverdale
22,Teen drama,"English
",,2019-10-09,4,"English
",Riverdale
32,Comedy-drama,"Danish
",,2012,4,"Danish
",Rita
32,Comedy-drama,"Danish
",,2012,4,"Danish
",Rita
32,Comedy-drama,"Danish
",,2012,4,"Danish
",Rita
24,Anime,"Japanese
",,,2,"Japanese
",Forest of Piano
10,Crime drama,"Finnish
",,2018-10-07,2,"Finnish
",Bordertown
,Sky One,"English
",,,,"English
",Sick Note
,Sky One,"English
",,,,"English
",Sick Note
6,Crime drama,"Danish
",,2018,1,"Danish
",Warrior
13,Dark Comedy,"Catalan
",,2018,1,"Catalan
",Welcome to the Family
20,Romantic comedy,"Chinese
",,2019,1,"Chinese
",Well-Intended Love
10,Thriller,"Hebrew
",,2018,1,"Hebrew
",When Heroes Fly
20,Drama,"Korean
",,2016,1,"Korean
",White Nights
6,Drama,"Turkish
",,2018,1,"Turkish
",Wolf
,Drama,"English
",,,,"English
",Shooter
,Drama,"English
",,,,"English
",Shadowhunters
,Thriller,"English
",,,,"English
",Secret City
,Thriller,"English
",,,,"English
",Secret City
6,Thriller,"English
",,2016-06-05,1,"English
",Secret City
6,Thriller,"English
",,2019-03-04,2,"English
",Secret City
,Horror,"English
",,,,"English
",Scream
6,Sky One,"English
",,2017-11-07,1,"English
",Sick Note
8,Sky One,"English
",,2018-07-26,2,"English
",Sick Note
13,Comedy,"English
",,2017,1,"English
",Workin' Moms
10,Thriller,"English
",,2018,1,"English
",You
12,Baking,"English
",,2016,1,"English
",Zumbo's Just Desserts
,Drama,"English
",,,,"English
",Shooter
10,Drama,"English
",,2016-11-15,1,"English
",Shooter
8,Drama,"English
",,2017-07-18,2,"English
",Shooter
13,Drama,"English
",,2018-06-21,3,"English
",Shooter
,Drama,"English
",,,,"English
",Shadowhunters
13,Drama,"English
",,2016-01-12,1,"English
",Shadowhunters
,Drama,"English
",,2017-01-02,2,"English
",Shadowhunters
,Drama,"English
",,2017-06-05,,"English
",Shadowhunters
,Drama,"English
",,2018-03-20,3,"English
",Shadowhunters
,Drama,"English
",,2019-02-25,,"English
",Shadowhunters
,Horror,"English
",,,,"English
",Scream
10,Horror,"English
",,2015-06-30,1,"English
",Scream
14,Horror,"English
",,2016-05-30,2,"English
",Scream
6,Horror,"English
",,2019-07-08,3,"English
",Scream
57,YTV,"English
",,2014,3,"English
",Some Assembly Required
20,Naver TV Cast,"Korean
",,2018,2,"Korean
",The Sound of Your Heart
,Horror,"English
",,,,"English
",Slasher
,Fantasy,English,,,,"TBA
",Avatar: The Last Airbender
57,YTV,"English
",,2014,3,"English
",Some Assembly Required
57,YTV,"English
",,2014,3,"English
",Some Assembly Required
20,Naver TV Cast,"Korean
",,2018,2,"Korean
",The Sound of Your Heart
,Horror,"English
",,,,"English
",Slasher
8,Horror,"English
",,2016-03-04,1,"English
",Slasher
"8,October 17, 2017",Horror,"English
",,,2,"English
",Slasher
"8,May 23, 2019",Horror,"English
",,,3,"English
",Slasher
,Fantasy,English,,,,"TBA
",Avatar: The Last Airbender
20,Fantasy,English,,2005-02-21,1,"TBA
",Avatar: The Last Airbender
20,Fantasy,English,,2006-03-17,2,"TBA
",Avatar: The Last Airbender
21,Fantasy,English,,2007-09-21,3,"TBA
",Avatar: The Last Airbender
29,Science fiction,"English
",,2017,2,"English
",Star Trek: Discovery
,Documentary,"English
",,,,"English
",Tales by Light
,Documentary,"English
",,,,"English
",Tales by Light
29,Science fiction,"English
",,2017,2,"English
",Star Trek: Discovery
6,Documentary,"English
",,2015-05-24,1,"English
",Tales by Light
3,Documentary,"English
",,2016-10-25,2,"English
",Tales by Light
3,Documentary,"English
",,2018-08-26,3,"English
",Tales by Light
65,Animation,"French
",,2008,3,"French
",Wakfu
,Drama,"English
",,,,"English
",Van Helsing
65,Animation,"French
",,2008,3,"French
",Wakfu
65,Animation,"French
",,2008,3,"French
",Wakfu
,Drama,"English
",,,,"English
",Van Helsing
13,Drama,"English
",,2016-07-31,1,"English
",Van Helsing
13,Drama,"English
",,2017-10-05,2,"English
",Van Helsing
13,Drama,"English
",,2018-10-05,3,"English
",Van Helsing
,Comedy,"English
",,,,"English
",White Gold
12,Drama,"English
",,2016,2,"English
",Wanted
,Crime drama,"Bulgarian
",,,,"Bulgarian
",Undercover
,Crime drama,"Bulgarian
",,,,"Bulgarian
",Undercover
12,Crime drama,"Bulgarian
",,2011-04-17,1,"Bulgarian
",Undercover
12,Crime drama,"Bulgarian
",,2011-11-20,2,"Bulgarian
",Undercover
20,Reality,"English
",,2017,2,"English
",Yummy Mummies
20,Reality,"English
",,2017,2,"English
",Yummy Mummies
,Comedy,"English
",,,,"English
",White Gold
6,Comedy,"English
",,2017-05-28,1,"English
",White Gold
6,Comedy,"English
",,2019-03-06,2,"English
",White Gold
12,Drama,"English
",,2016,2,"English
",Wanted
,Romantic comedy,"English
",,,,"English
",You Me Her
,Romantic comedy,"English
",,,,"English
",You Me Her
10,Romantic comedy,"English
",,2016-03-22,1,"English
",You Me Her
10,Romantic comedy,"English
",,2017-02-14,2,"English
",You Me Her
12,Crime drama,"Bulgarian
",,2012-11-25,3,"Bulgarian
",Undercover
12,Crime drama,"Bulgarian
",,2014-01-19,4,"Bulgarian
",Undercover
12,Crime drama,"Bulgarian
",,2016-03-20,5,"Bulgarian
",Undercover
10,Romantic comedy,"English
",,2018-03-20,3,"English
",You Me Her
10,Romantic comedy,"English
",,2019-04-09,4,"English
",You Me Her
8,Docu-series,English,47–54 min.,"July 6, 2018",2,"Pending
",Inside the World’s Toughest Prisons
8,Docu-series,English,47–54 min.,"July 6, 2018",2,"Pending
",Inside the World’s Toughest Prisons
,Mockumentary,English,23–38 min.,,,"Pending
",Paquita Salas
,Mockumentary,English,23–38 min.,,,"Pending
",Paquita Salas
5,Mockumentary,English,23–38 min.,2016-07-06,1,"Pending
",Paquita Salas
"5,June 29, 2018",Mockumentary,English,23–38 min.,,2,"Pending
",Paquita Salas
"6,June 28, 2019",Mockumentary,English,23–38 min.,,3,"Pending
",Paquita Salas
36,Fuji Television,English,30–47 min.,"November 1, 2016",4,Ended,Terrace House: Aloha State
36,Fuji Television,English,30–47 min.,"November 1, 2016",4,Ended,Terrace House: Aloha State
46,Fuji Television,English,24–38 min.,"September 2, 2015",2,Ended,Terrace House: Boys & Girls in the City
,Comedy,English,12–41 min.,,,"Pending
",Comedians in Cars Getting Coffee
36,Fuji Television,English,30–47 min.,"November 1, 2016",4,Ended,Terrace House: Aloha State
36,Fuji Television,English,30–47 min.,"November 1, 2016",4,Ended,Terrace House: Aloha State
46,Fuji Television,English,24–38 min.,"September 2, 2015",2,Ended,Terrace House: Boys & Girls in the City
,Comedy,English,12–41 min.,,,"Pending
",Comedians in Cars Getting Coffee
10,Comedy,English,12–41 min.,2012-07-19,1,"Pending
",Comedians in Cars Getting Coffee
6,Comedy,English,12–41 min.,2013-06-13,2,"Pending
",Comedians in Cars Getting Coffee
7,Comedy,English,12–41 min.,2014-01-02,3,"Pending
",Comedians in Cars Getting Coffee
5,Comedy,English,12–41 min.,2014-06-19,4,"Pending
",Comedians in Cars Getting Coffee
8,Comedy,English,12–41 min.,2014-11-06,5,"Pending
",Comedians in Cars Getting Coffee
6,Comedy,English,12–41 min.,2015-06-03,6,"Pending
",Comedians in Cars Getting Coffee
6,Comedy,English,12–41 min.,2015-12-30,7,"Pending
",Comedians in Cars Getting Coffee
6,Comedy,English,12–41 min.,2016-06-16,8,"Pending
",Comedians in Cars Getting Coffee
6,Comedy,English,12–41 min.,2017-01-05,9,"Pending
",Comedians in Cars Getting Coffee
"12,July 6, 2018",Comedy,English,12–41 min.,,10,"Pending
",Comedians in Cars Getting Coffee
"12,July 19, 2019",Comedy,English,12–41 min.,,11,"Pending
",Comedians in Cars Getting Coffee
