distribution,genre,language,length,premiere,title
original film,War/drama,"English/Twi
","2 hours, 16 min.","October 16, 2015",Beasts of No Nation
original film,Action,"English
","1 hour, 43 min.","February 26, 2016","Crouching Tiger, Hidden Dragon: Sword of Destiny"
original film,Comedy-drama,"English
","1 hour, 37 min.","June 24, 2016",The Fundamentals of Caring
original film,Thriller,"English
","1 hour, 40 min.","July 15, 2016",Rebirth
original film,Comedy-drama,"English
","1 hour, 51 min.","July 29, 2016",Tallulah
original film,Drama,"English
","1 hour, 32 min.","August 26, 2016",XOXO
original film,Science fiction/Thriller,"English
","1 hour, 28 min.","September 16, 2016",ARQ
original film,War film,"English
","1 hour, 48 min.","October 7, 2016",The Siege of Jadotville
original film,Horror,"English
","1 hour, 29 min.","October 28, 2016",I Am the Pretty Thing That Lives in the House
original film,Drama,"Spanish
","1 hour, 16 min.","October 28, 2016",7 años
original film,Thriller,"English
","1 hour, 30 min.","November 22, 2016",Mercy
original film,Science fiction/Action,"English
","1 hour, 48 min.","December 9, 2016",Spectral
original film,Biopic,"English
","1 hour, 44 min.","December 16, 2016",Barry
original film,Heist film,"English
","1 hour, 37 min.","January 6, 2017",Coin Heist
original film,Thriller,"English
","1 hour, 44 min.","January 13, 2017",Clinical
original film,Science fiction/Thriller,"English
","1 hour, 30 min.","January 27, 2017",iBoy
original film,Drama,"English
","1 hour, 27 min.","February 3, 2017",Imperial Dreams
original film,Drama,"English
","1 hour, 36 min.","February 24, 2017",I Don't Feel at Home in This World Anymore
original film,Drama,"English
","1 hour, 42 min.","March 10, 2017",Burning Sands
original film,Drama,"English
","1 hour, 34 min.","March 17, 2017",Deidra & Laney Rob a Train
original film,Biopic,"English
","1 hour, 32 min.","March 24, 2017",The Most Hated Woman in America
original film,Science fiction/Drama,"English
","1 hour, 42 min.","March 31, 2017",The Discovery
original film,War film,"English
","1 hour, 53 min.","April 21, 2017",Sand Castle
original film,Romance,"English
","1 hour, 23 min.","April 21, 2017",Tramps
original film,Anime/Science fiction,"Japanese
","1 hour, 46 min.","May 20, 2017",Blame!
original film,Crime/thriller,"English
","1 hour, 26 min.","June 9, 2017",Shimmer Lake
original film,Science fiction/Adventure,"English/Korean
","2 hours, 1 min.","June 28, 2017",Okja
original film,Drama,"English
","1 hour, 47 min.","July 14, 2017",To the Bone
original film,Horror/thriller,"English
","1 hour, 40 min.","August 25, 2017",Death Note
original film,Drama,"English/Khmer
","2 hours, 16 min.","September 15, 2017",First They Killed My Father
original film,Horror/thriller,"English
","1 hour, 43 min.","September 29, 2017",Gerald’s Game
original film,Romance,"English
","1 hour, 43 min.","September 29, 2017",Our Souls at Night
original film,Comedy-drama,"English
","1 hour, 52 min.","October 13, 2017",The Meyerowitz Stories (New and Selected)
original film,Horror/crime drama,"English
","1 hour, 42 min.","October 20, 2017",1922
original film,Action/thriller,"English
","1 hour, 22 min.","October 20, 2017",Wheelman
original film,Western,"Portuguese
","1 hour, 39 min.","November 10, 2017",The Killer
original film,Romantic/drama,"English
","1 hour, 44 min.","December 15, 2017",Christmas Inheritance
original film,Urban fantasy,"English
","1 hour, 57 min.","December 22, 2017",Bright
original film,Horror/thriller,"English
","1 hour, 34 min.","January 19, 2018",The Open House
original film,Science fiction,"English
","1 hour, 42 min.","February 4, 2018",The Cloverfield Paradox
original film,Drama,"English
","1 hour, 36 min.","February 16, 2018",Irreplaceable You
original film,Science fiction/Mystery,"English
","2 hours, 6 min.","February 23, 2018",Mute
original film,Crime drama,"English
",2 hours,"March 9, 2018",The Outsider
original film,Musical/Western/Fantasy,"English
",,"March 23, 2018",Paradox
original film,Biopic,"English
","1 hour, 38 min.","March 23, 2018",Roxanne Roxanne
original film,Sports/drama,"English
","1 hour, 42 min.","March 30, 2018",First Match
original film,Drama,"English
","1 hour, 15 min.","April 6, 2018",6 Balloons
original film,Sports/drama,"English
","1 hour, 36 min.","April 6, 2018",Amateur
original film,Biopic,"English
","1 hour, 46 min.","April 13, 2018",Come Sunday
original film,Drama,"Tamil
","1 hour, 41 min.","May 1, 2018",Sometimes
original film,Drama,"Italian
","1 hour, 44 min.","May 4, 2018",Forgive Us Our Debts
original film,Drama/Horror,"English
","1 hour, 44 min.","May 18, 2018",Cargo
original film,Drama,"Hindi
",2 hours,"June 15, 2018",Lust Stories
original film,Thriller,"English
","1 hour, 41 min.","June 29, 2018",Calibre
original film,Science fiction/thriller,"English
","1 hour, 37 min.","June 29, 2018",TAU
original film,Action thriller,"English
","1 hour, 53 min.","July 13, 2018",How It Ends
original film,Science fiction-/thriller,"English
","1 hour, 35 min.","July 27, 2018",Extinction
original film,Thriller,"French
","1 hour, 42 min.","September 7, 2018",The Most Assassinated Woman in the World
original film,Animation/Action/Science fiction,"English
","1 hour, 44 min.","September 7, 2018",Next Gen
original film,Crime drama,"Italian
","1 hour, 40 min.","September 12, 2018",On My Skin
original film,Drama,"English
","1 hour, 38 min.","September 14, 2018",The Land of Steady Habits
original film,Spy/Thriller,"English/Arabic/Hebrew
","1 hour, 54 min.","September 14, 2018",The Angel
original film,Thriller,"English
","2 hours, 5 min.","September 28, 2018",Hold the Dark
original film,Drama,"English
","2 hours, 4 min.","October 5, 2018",Private Life
original film,Drama,"English
","2 hours, 24 min.","October 10, 2018",22 July
original film,Horror/thriller,"English
","2 hours, 9 min.","October 12, 2018",Apostle
original film,Action/thriller,"Indonesian
","2 hours, 1 min.","October 19, 2018",The Night Comes for Us
original film,Musical,"English
","1 hour, 40 min.","October 26, 2018",Been So Long
original film,Drama,"English
",,"November 2, 2018",The Other Side of the Wind
original film,Historical/epic,"English
",,"November 9, 2018",Outlaw King
original film,Psychological horror,"English
","1 hour, 34 min.","November 16, 2018",Cam
original film,Western,"English
","2 hours, 12 min.","November 16, 2018",The Ballad of Buster Scruggs
original film,Adventure,"English
","1 hour, 44 min.","December 7, 2018",Mowgli: Legend of the Jungle
original film,Drama,"Spanish
","2 hours, 15 min.","December 14, 2018",Roma
original film,Psychological thriller,"English
","2 hours, 4 min.","December 21, 2018",Bird Box
original film,Science fiction/drama,"English
",,"January 18, 2019",IO
original film,Crime drama,"Hindi
","1 hour, 37 min.","January 18, 2019",Soni
original film,Thriller,"English
","1 hour, 58 min.","January 25, 2019",Polar
original film,Thriller,"English
","1 hour, 52 min.","February 1, 2019",Velvet Buzzsaw
original film,Sports/drama,"English
","1 hour, 30 min.","February 8, 2019",High Flying Bird
original film,Drama,"Marathi
","1 hour, 52 min.","February 22, 2019",Firebrand
original film,Romance/drama,"French
","1 hour, 23 min.","February 22, 2019",Paris Is Us
original film,Drama/comedy,"English
","1 hour, 29 min.","February 22, 2019",Paddleton
original film,Drama,"English
","1 hour, 39 min.","March 8, 2019",Walk. Ride. Rodeo.
original film,Drama,"English
","1 hour, 30 min.","March 8, 2019",Juanita
original film,Action/thriller,"English
","2 hours, 5 min.","March 13, 2019",Triple Frontier
original film,Biopic,"English
","1 hour, 48 min.","March 22, 2019",The Dirt
original film,Crime drama,"English
","2 hours, 11 min.","March 29, 2019",The Highwaymen
original film,Drama,"Spanish
","1 hour, 33 min.","April 12, 2019",Who Would You Take to a Deserted Island?
original film,Drama,"Hindi
","1 hour, 41 min.","April 19, 2019",Music Teacher
original film,Drama,"English
","1 hour, 29 min.","May 16, 2019",Good Sam
original film,Science fiction,"English
","1 hour, 27 min.","May 17, 2019",See You Yesterday
original film,Science fiction/adventure,"English
","1 hour, 38 min.","May 24, 2019",Rim of the World
original film,Horror/thriller,"English
","1 hour, 30 min.","May 24, 2019",The Perfection
original film,Romance,"Spanish
","1 hour, 58 min.","June 7, 2019",Elisa & Marcela
original film,Drama,"English
","1 hour, 50 min.","June 19, 2019",Beats
original film,Action,"English
","1 hour, 26 min.","July 12, 2019",Point Blank
original film,Thriller,"English
","1 hour, 37 min.","July 18, 2019",Secret Obsession
original film,,,,,
original film,Drama,"English
","2 hours, 10 min.","July 31, 2019",The Red Sea Diving Resort
original film,Thriller,"English
",,"August 9, 2019",In the Shadow of the Moon
original film,,,,,
original film,Western,"English
","1 hour, 59 min.","December 11, 2015",The Ridiculous 6
original film,Adventure,"English
","1 hour, 29 min.","March 18, 2016",Pee-wee's Big Holiday
original film,Satire,"English
","1 hour, 40 min.","April 29, 2016",Special Correspondents
original film,Action comedy,"English
","1 hour, 48 min.","May 27, 2016",The Do-Over
original film,Comedy,"English
","1 hour, 35 min.","July 7, 2016",Brahman Naman
original film,Mockumentary,"English
","1 hour, 35 min.","October 13, 2016",Mascots
original film,Action comedy,"English
","1 hour, 38 min.","November 11, 2016",True Memoirs of an International Assassin
original film,Comedy,"English
","1 hour, 20 min.","January 20, 2017",Take the 10
original film,Comedy,"English
","1 hour, 10 min.","February 14, 2017",Girlfriend's Day
original film,Comedy,"English
","1 hour, 28 min.","April 7, 2017",Win It All
original film,Comedy,"English
","2 hours, 11 min.","April 14, 2017",Sandy Wexler
original film,Dark comedy,"English
","1 hour, 35 min.","April 28, 2017",Small Crimes
original film,Comedy,"English
","1 hour, 21 min.","May 5, 2017",Handsome: A Netflix Mystery Movie
original film,War/comedy,"English
","2 hours, 2 min.","May 26, 2017",War Machine
original film,Comedy,"English
","1 hour, 23 min.","July 28, 2017",The Incredible Jessica James
original film,Comedy,"English
","1 hour, 36 min.","August 11, 2017",Naked
original film,Horror-comedy,"English
","1 hour, 34 min.","September 1, 2017",Little Evil
original film,Comedy,"English
","1 hour, 39 min.","September 8, 2017",#REALITYHIGH
original film,Black comedy,"Spanish
","1 hour, 29 min.","October 12, 2017",Bomb Scared
original film,Teen/horror-comedy,"English
","1 hour, 25 min.","October 13, 2017",The Babysitter
original film,Romantic comedy,"English
","1 hour, 32 min.","November 17, 2017",A Christmas Prince
original film,Dark comedy,"English
","1 hour, 29 min.","December 8, 2017",El Camino Christmas
original film,Comedy-drama,"English
","1 hour, 35 min.","January 12, 2018",The Polka King
original film,Comedy,"English
","1 hour, 48 min.","January 19, 2018",Step Sisters
original film,Romantic comedy,"French
","1 hour, 25 min.","January 24, 2018",Blockbuster
original film,Biographical/Comedy,"English
","1 hour, 41 min.","January 26, 2018",A Futile and Stupid Gesture
original film,Romantic comedy,"English
","1 hour, 37 min.","February 9, 2018",When We First Met
original film,Romantic comedy,"Hindi
","2 hours, 13 min.","February 14, 2018",Love per Square Foot
original film,Family film,"English
","1 hour, 27 min.","March 16, 2018",Benji
original film,Action/Comedy,"English
","1 hour, 41 min.","March 23, 2018","Game Over, Man!"
original film,Romantic comedy,"English
","1 hour, 18 min.","March 30, 2018",Happy Anniversary
original film,Romantic comedy,"French
","1 hour, 38 min.","April 13, 2018",I Am Not an Easy Man
original film,Teen/comedy-drama,"English
","1 hour, 37 min.","April 20, 2018",Dude
original film,Comedy,"English
","1 hour, 32 min.","April 27, 2018",Candy Jar
original film,Comedy,"English
","1 hour, 56 min.","April 27, 2018",The Week Of
original film,Romantic comedy,"English
","1 hour, 45 min.","May 11, 2018",The Kissing Booth
original film,Comedy,"English
","1 hour, 34 min.","May 25, 2018",Ibiza
original film,Teen/comedy,"English
","1 hour, 39 min.","June 8, 2018",Alex Strangelove
original film,Romantic comedy,"English
","1 hour, 45 min.","June 15, 2018",Set It Up
original film,Romantic comedy,"French
","1 hour, 35 min.","June 24, 2018","To Each, Her Own"
original film,Adventure/Comedy,"English
","1 hour, 23 min.","July 6, 2018",The Legacy of a Whitetail Deer Hunter
original film,Comedy,"English
","1 hour, 34 min.","July 20, 2018",Father of the Year
original film,Comedy,"Hindi
","1 hour, 40 min.","August 3, 2018",Brij Mohan Amar Rahe
original film,Comedy,"English
","1 hour, 43 min.","August 3, 2018",Like Father
original film,Black comedy,"English
","1 hour, 34 min.","August 10, 2018",The Package
original film,Romantic comedy,"English
","1 hour, 39 min.","August 17, 2018",To All the Boys I've Loved Before
original film,Comedy,"English
","1 hour, 29 min.","August 24, 2018",The After Party
original film,Romantic comedy,"English
","1 hour, 45 min.","September 7, 2018",Sierra Burgess Is a Loser
original film,Comedy/drama,"English
","1 hour, 38 min.","September 21, 2018",Nappily Ever After
original film,Romantic comedy,"English
","1 hour, 35 min.","November 2, 2018",The Holiday Calendar
original film,Romantic comedy,"English
","1 hour, 41 min.","November 16, 2018",The Princess Switch
original film,Family film,"English
","1 hour, 44 min.","November 22, 2018",The Christmas Chronicles
original film,Romantic comedy,"English
","1 hour, 32 min.","November 30, 2018",A Christmas Prince: The Royal Wedding
original film,Comedy/drama,"Hindi
","1 hour, 58 min.","November 30, 2018",Rajma Chawal
original film,Comedy,"Italian
","1 hour, 35 min.","December 7, 2018",5 Star Christmas
original film,Comedy,"Ibo/English
","1 hour, 34 min.","January 4, 2019",Lionheart
original film,Comedy-drama,"English
","1 hour, 38 min.","January 11, 2019",The Last Laugh
original film,Comedy-drama,"Marathi
","2 hours, 4 min.","March 29, 2019",15 August
original film,Comedy,"English
","1 hour, 32 min.","April 5, 2019",Unicorn Store
original film,Romantic comedy,"English
","1 hour, 29 min.","April 12, 2019",The Perfect Date
original film,Romantic comedy,"English
","1 hour, 32 min.","April 19, 2019",Someone Great
original film,Comedy,"Spanish
","1 hour, 18 min.","May 3, 2019",Despite Everything
original film,Romantic comedy,"English
","1 hour, 49 min.","May 3, 2019",The Last Summer
original film,Comedy,"English
","1 hour, 43 min.","May 10, 2019",Wine Country
original film,Comedy,"English
","1 hour, 9 min.","May 13, 2019",Malibu Rescue
original film,Romantic comedy,"English
","1 hour, 42 min.","May 31, 2019",Always Be My Maybe
original film,Comedy,"Hindi
","1 hour, 40 min.","May 31, 2019",Chopsticks
original film,Mystery/comedy,"English
","1 hour, 37 min.","June 14, 2019",Murder Mystery
original film,,,,,
original film,Comedy,"English
","1 hour, 40 min.","August 2, 2019",Otherhood
original film,Comedy,"English
",,"September 20, 2019",Between Two Ferns: The Movie
original film,,,,,
original film,Comedy/Musical,"
",56 min.,"December 4, 2015",A Very Murray Christmas
original film,Concert film,"
","1 hour, 30 min.","October 12, 2016",Justin Timberlake + The Tennessee Kids
original film,Variety show,"
",54 min.,"February 7, 2017","Michael Bolton's Big, Sexy Valentine's Day Special"
original film,One-man show,"
",52 min.,"April 28, 2017",Rodney King
original film,Concert film,"
","1 hour, 48 min.","November 22, 2017","Barbra: The Music, The Mem'ries, The Magic"
original film,Mentalism special,"
",49 min.,"October 19, 2018",Derren Brown: Sacrifice
original film,One-man show,"
","1 hour, 31 min.","November 13, 2018",Loudon Wainwright III: Surviving Twin
original film,One-man show,"
","2 hours, 33 min.","December 16, 2018",Springsteen on Broadway
original film,Concert film,"
","2 hours, 5 min.","December 31, 2018",Taylor Swift Reputation Stadium Tour
original film,Variety show,"
","1 hour, 3 min.","February 8, 2019",Kevin Hart's Guide to Black History
original film,Variety show,"
",1 hour,"May 14, 2019",Still Laugh-In: The Stars Celebrate
original film,Comedy/Musical,"
",30 min.,"May 23, 2019",The Lonely Island Presents: The Unauthorized Bash Brothers Experience
original film,Musical/Short,"
",15 min.,"June 27, 2019",Anima
original film,Mockumentary,"
",32 min.,"July 16, 2019","Frankenstein's Monster's Monster, Frankenstein"
original film,,,,,
original film,Animation/Comedy,"
",45 min.,"August 9, 2019",Rocko's Modern Life: Static Cling
original film,,,,,
original film,,"English
","1 hour, 13 min.","October 12, 2012",Art of Conflict: The Murals of Northern Ireland
original film,,"English
","1 hour, 39 min.","December 12, 2013",The Short Game
original film,,"Arabic/English
","1 hour, 44 min.","January 17, 2014",The Square
original film,,"English
","1 hour, 32 min.","January 24, 2014",Mitt
original film,,"English
","1 hour, 13 min.","July 11, 2014",The Battered Bastards of Baseball
original film,,"English
","1 hour, 35 min.","August 15, 2014",Mission Blue
original film,,"English
","1 hour, 40 min.","September 26, 2014",Print the Legend
original film,,"English
","1 hour, 30 min.","October 24, 2014",E-Team
original film,,"English
","1 hour, 40 min.","November 7, 2014",Virunga
original film,,"English
","1 hour, 21 min.","March 6, 2015",My Own Man
original film,,"English
","1 hour, 23 min.","May 22, 2015",The Other One: The Long Strange Trip of Bob Weir
original film,,"English
","1 hour, 24 min.","May 29, 2015",Hot Girls Wanted
original film,,"English
","1 hour, 24 min.","June 26, 2015","What Happened, Miss Simone?"
original film,,"English
","1 hour, 20 min.","July 17, 2015",Tig
original film,,"English
","1 hour, 21 min.","September 18, 2015",Keith Richards: Under the Influence
original film,,"Ukrainian/Russian/English
","1 hour, 31 min.","October 9, 2015",Winter on Fire: Ukraine's Fight for Freedom
original film,,"English
","1 hour, 31 min.","March 18, 2016",My Beautiful Broken Brain
original film,,"English/Russian
","1 hour, 30 min.","April 29, 2016",Team Foxcatcher
original film,,"English
","1 hour, 56 min.","July 15, 2016",Tony Robbins: I Am Not Your Guru
original film,,"English
","1 hour, 19 min.","August 19, 2016",I'll Sleep When I'm Dead
original film,,"English
","1 hour, 38 min.","September 23, 2016",Audrie & Daisy
original film,,"English
","1 hour, 32 min.","September 30, 2016",Amanda Knox
original film,,"English
","1 hour, 40 min.","October 7, 2016",13th
original film,,"Mandarin/English
","1 hour, 19 min.","October 14, 2016",Sky Ladder: The Art of Cai Guo-Qiang
original film,,"English
","1 hour, 47 min.","October 28, 2016",Into the Inferno
original film,,"English
","1 hour, 52 min.","November 4, 2016",The Ivory Game
original film,,"English
","1 hour, 20 min.","April 28, 2017",Casting JonBenet
original film,,"English
","1 hour, 37 min.","May 5, 2017",The Mars Generation
original film,,"English
","1 hour, 41 min.","May 12, 2017",Get Me Roger Stone
original film,,"Portuguese
","1 hour, 40 min.","May 19, 2017",Laerte-se
original film,,"English
","1 hour, 18 min.","May 26, 2017",Joshua: Teenager vs. Superpower
original film,,"English
","1 hour, 31 min.","June 16, 2017",CounterPunch
original film,,"English
","1 hour, 35 min.","June 23, 2017",Nobody Speak: Trials of the Free Press
original film,,"English
","1 hour, 29 min.","July 14, 2017",Chasing Coral
original film,,"English
",2 hours,"August 4, 2017",Icarus
original film,,"English
","1 hour, 47 min.","September 15, 2017",Strong Island
original film,,"English
","1 hour, 40 min.","September 22, 2017",Gaga: Five Foot Two
original film,,"English
","1 hour, 45 min.","October 6, 2017",The Death and Life of Marsha P. Johnson
original film,,"English
","1 hour, 49 min.","October 13, 2017",Kingdom of Us
original film,,"English
","1 hour, 35 min.","October 20, 2017",One of Us
original film,,"English
","1 hour, 38 min.","October 27, 2017",Joan Didion: The Center Will Not Hold
original film,,"English
","1 hour, 34 min.","November 17, 2017","Jim & Andy: The Great Beyond – Featuring a Very Special, Contractually Obligated Mention of Tony Clifton"
original film,,"English
","1 hour, 13 min.","November 21, 2017",Saving Capitalism
original film,,"English
","1 hour, 54 min.","November 24, 2017",Cuba and the Cameraman
original film,,"English
","1 hour, 35 min.","December 1, 2017",Voyeur
original film,,"English
","1 hour, 35 min.","February 9, 2018",Seeing Allred
original film,,"English
","1 hour, 27 min.","March 16, 2018",Take Your Pills
original film,,"English
","1 hour, 19 min.","April 20, 2018",Mercury 13
original film,,"English
","1 hour, 44 min.","April 27, 2018",The Rachel Divide
original film,,"English
","1 hour, 29 min.","June 29, 2018",Recovery Boys
original film,,"English
","1 hour, 40 min.","July 27, 2018",The Bleeding Edge
original film,,"English
","1 hour, 16 min.","September 7, 2018",City of Joy
original film,,"English
","1 hour, 39 min.","September 13, 2018",Reversing Roe
original film,,"English
","2 hours, 4 min.","September 21, 2018",Quincy
original film,,"Spanish/Catalan
","1 hour, 56 min.","September 28, 2018",Two Catalonias
original film,,"English
","1 hour, 26 min.","October 12, 2018",Feminists: What Were They Thinking?
original film,,"English
","1 hour, 37 min.","October 26, 2018",Shirkers
original film,,"English
","1 hour, 38 min.","November 2, 2018",They'll Love Me When I'm Dead
original film,,"English
","1 hour, 38 min.","December 7, 2018",The American Meme
original film,,"English
","1 hour, 45 min.","December 21, 2018",Struggle: The Life and Lost Art of Szukalski
original film,,"English
","1 hour, 37 min.","January 18, 2019",Fyre: The Greatest Party That Never Happened
original film,,"French
",1 hour,"March 21, 2019",Antoine Griezmann: The Making of a Legend
original film,,"English
","1 hour, 27 min.","March 29, 2019",The Legend of Cocaine Island
original film,,"English
","2 hours, 17 min.","April 17, 2019",Homecoming: A Film by Beyoncé
original film,,"English
","1 hour, 16 min.","April 19, 2019",Brené Brown: The Call to Courage
original film,,"English
","1 hour, 37 min.","April 20, 2019",Grass Is Greener
original film,,"English
","1 hour, 27 min.","May 1, 2019",Knock Down the House
original film,,"English
","1 hour, 58 min.","June 7, 2019",The Black Godfather
original film,,"English
","2 hours, 22 min.","June 12, 2019",Rolling Thunder Revue: A Bob Dylan Story by Martin Scorsese
original film,,"Portuguese
","2 hours, 1 min.","June 19, 2019",The Edge of Democracy
original film,,"Spanish
","1 hours, 46 min.","July 10, 2019",Parchis: The Documentary
original film,,,,,
original film,,"English
",,"July 24, 2019",The Great Hack
original film,,"Japanese
",,"August 5, 2019",
original film,,"English
",,"August 21, 2019",American Factory
original film,,,,,
original film,,"English
",57 min.,"October 12, 2018",ReMastered: Who Shot the Sheriff?
original film,,"English
",58 min.,"November 2, 2018",ReMastered: Tricky Dick & the Man in Black
original film,,"English
",58 min.,"December 7, 2018",ReMastered: Who Killed Jam Master Jay?
original film,,"English/Spanish
","1 hour, 4 min.","January 11, 2019",ReMastered: Massacre at the Stadium
original film,,"English
","1 hour, 4 min.","February 8, 2019",ReMastered: The Two Killings of Sam Cooke
original film,,"English
","1 hour, 10 min.","March 22, 2019",ReMastered: The Miami Showband Massacre
original film,,"English
",48 min.,"April 26, 2019",ReMastered: Devil at the Crossroads
original film,,"English
","1 hour, 24 min.","May 17, 2019",ReMastered: The Lion's Share
original film,,,,,
original film,,"English
",24 min.,"September 13, 2016",Extremis
original film,,"English
",40 min.,"September 16, 2016",The White Helmets
original film,,"English
",27 min.,"September 1, 2017",Resurface
original film,,"English
",39 min.,"September 12, 2017",Heroin(e)
original film,,"English
",40 min.,"September 29, 2017",Long Shot
original film,,"Georgian
",23 min.,"February 9, 2018",The Trader (Sovdagari)
original film,,"Hindi/English
",39 min.,"March 8, 2018",Ladies First
original film,,"English
",31 min.,"April 6, 2018","Ram Dass, Going Home"
original film,,"English
",40 min.,"May 4, 2018",End Game
original film,,"English
",11 min.,"August 10, 2018",Zion
original film,,"English
",23 min.,"September 28, 2018",Lessons from a School Shooting: Notes from Dunblane
original film,,"English
",34 min.,"December 12, 2018","Out of Many, One"
original film,,"English
",26 min.,"February 12, 2019",Period. End of Sentence.
original film,,"English/Mandarin
",39 min.,"May 3, 2019",All in My Family
original film,,"English/Spanish
",30 min.,"May 22, 2019",A Tale of Two Kitchens
original film,,"English/Spanish
",37 min.,"May 24, 2019",After Maria
original film,,"English/Swedish
",40 min.,"June 14, 2019",Life Overtakes Me
original film,,,,,
original film,Animation/Science fiction,"Summer 2019
",,,Invader Zim: Enter the Florpus!
original film,Animation/Comedy,"
",,November 2019,
original film,Animation/Comedy,Spring 2020,,,The Willoughbys
original film,Romantic comedy,"2019
",,,
original film,Drama,"2019
",,,All the Bright Places
original film,Adventure/romance,"2019
",,,Christmas in the Wild
original film,Spanish language/coming-of-age drama,"2019
",,,
original film,Horror,"
",,2019,Eli
original film,Comedy,2019,,,
original film,Thriller,"2019
",,,Fracture
original film,Family film,2019,,,
original film,Horror/thriller,"2019
",,,In the Tall Grass
original film,Thriller,2019,,,
original film,Biopic,2019,,,
original film,Action,"2019
",,,Six Underground
original film,Comedy,"2019
",,,Tall Girl
original film,Japanese language/drama,2019,,,
original film,Crime drama,"
",,2019,The Irishman
original film,Historical drama,"
",,2019,The King
original film,Romantic comedy,2019,,,
original film,Political thriller,2019,,,The Last Thing He Wanted
original film,Drama,"2019
",,,The Laundromat
original film,German language/satire,"2020
",,,
original film,German language/supernatural/social drama,"2020
",,,
original film,Spanish language/thriller,"
",,2020,
original film,German language/romantic comedy,"2020
",,,
original film,Family film/Musical,"
",,2020,Jingle Jangle
original film,Romantic comedy,"
",,2020,
original film,Animation/Adventure/Musical,"
",,2020,
original film,Drama,"
",,2020,The Boys in the Band
original film,Adventure,"
",,2020,
original film,Romantic drama,"
",,2020,To All the Boys I've Loved Before 2
original film,Animation/Adventure,"
",,2021,My Father's Dragon
original film,Stop motion/Fantasy/Drama,2021,,,
original film,Drama,2021,,,
original film,Animation/Comedy,2021,,,The Loud House
original film,Stop motion/Fantasy/Horror comedy,2021,,,
original film,Animation/Fantasy,"2022
",,,
original film,Animation/Adventure,"2022
",,,
original film,Thriller,"TBA
",,,
original film,Fantasy/Family,"TBA
",,,
original film,Romantic drama/Thriller,"TBA
",,,
original film,Spanish language/romantic comedy,"TBA
",,,
original film,Drama,"TBA
",,,All Day and a Night
original film,Drama,"TBA
",,,Along for the Ride
original film,Animation/Comedy/Historical fiction,"TBA
",,,
original film,Drama,"TBA
",,,
original film,Fantasy/Family,"TBA
",,,Anastasia
original film,Fantasy/Drama,"TBA
",,,
original film,Action/Horror/Thriller,"TBA
",,,Army of the Dead
original film,Christmas film,"TBA
",,,
original film,Thriller,"TBA
",,,
original film,French language/drama,"TBA
",,,
original film,Comedy,"TBA
",,,
original film,Biopic,"TBA
",,,
original film,Hindi language/Horror,"TBA
",,,
original film,Crime drama/Action,"TBA
",,,
original film,Adventure,"TBA
",,,
original film,Portuguese language,"TBA
",,,
original film,Science fiction/thriller,"TBA
",,,
original film,Hindi language/Drama,"TBA
",,,Class of '83
original film,Hindi language/Romantic drama,"TBA
",,,
original film,Police drama,"TBA
",,,Coffee & Kareem
original film,Thriller,"TBA
",,,
original film,Spanish language/musical comedy,"TBA
",,,
original film,War drama,"TBA
",,,Da 5 Bloods
original film,Action,"TBA
",,,
original film,Romantic comedy,"TBA
",,,Desperados
original film,Action,"TBA
",,,Dhaka
original film,drama,"TBA
",,,
original film,Biopic,"TBA
",,,Dolemite Is My Name
original film,Fantasy,"TBA
",,,
original film,Drama,"TBA
",,,
original film,Science fiction/adventure,"TBA
",,,
original film,Comedy,"TBA
",,,
original film,Action,"TBA
",,,
original film,Romance,"TBA
",,,
original film,Supernatural/adventure,"TBA
",,,
original film,Drama,"TBA
",,,Flash Boys
original film,Spanish language,"TBA
",,,
original film,Hindi language/Drama,"TBA
",,,
original film,Drama,"TBA
",,,
original film,Hindi language/Horror,"TBA
",,,
original film,Hindi language/thriller,"TBA
",,,
original film,Drama,"TBA
",,,
original film,Comedy,"TBA
",,,
original film,Science fiction,"TBA
",,,Hello America
original film,Family film,"TBA
",,,
original film,Drama,"TBA
",,,Hillbilly Elegy
original film,Romantic comedy,"TBA
",,,Holidate
original film,Comedy,"TBA
",,,
original film,Hindi language/Drama,"TBA
",,,
original film,Comedy,"TBA
",,,
original film,Science fiction/adventure,"TBA
",,,
original film,Comedy,"TBA
",,,
original film,Thriller,"TBA
",,,
original film,Drama,"TBA
",,,
original film,Thriller,"TBA
",,,I'm Thinking of Ending Things
original film,Drama,"TBA
",,,
original film,Drama,"TBA
",,,
original film,Adventure,"TBA
",,,
original film,French language/thriller,"TBA
",,,
original film,Hindi language/Mystery,"TBA
",,,
original film,Action,"TBA
",,,
original film,Drama,"TBA
",,,
original film,Drama,"TBA
",,,
original film,French language/comedy,"TBA
",,,
original film,Science-fiction,"TBA
",,,
original film,Drama,"TBA
",,,Let It Snow
original film,Science fiction,"TBA
",,,
original film,Crime drama,"TBA
",,,Lost Girls
original film,Thriller,"TBA
",,,
original film,Romantic comedy,"TBA
",,,"Love, Wedding, Repeat"
original film,Biopic,"TBA
",,,
original film,Drama,"TBA
",,,Ma Rainey's Black Bottom
original film,Hindi language/Drama,"TBA
",,,
original film,Science fiction,"TBA
",,,
original film,Science fiction,"TBA
",,,
original film,Portuguese language,"TBA
",,,
original film,Romantic comedy,"TBA
",,,
original film,Thriller,"TBA
",,,
original film,Drama,"TBA
",,,
original film,Hindi language/thriller,"TBA
",,,
original film,Fantasy/Horror,"TBA
",,,
original film,French language/action film,"TBA
",,,
original film,Science fiction/war drama,"TBA
",,,Old's Man War
original film,Drama,"TBA
",,,Once and For All
original film,Action/Science-fiction,"TBA
",,,
original film,Animation/Adventure/Fantasy/Musical,"TBA
",,,
original film,Superhero/thriller,"TBA
",,,
original film,Thriller,"TBA
",,,
original film,Portuguese language,"TBA
",,,
original film,Drama,"TBA
",,,
original film,Gothic thriller,"TBA
",,,Rebecca
original film,Science fantasy,"TBA
",,,
original film,Adventure,"TBA
",,,
original film,Portuguese language,"TBA
",,,
original film,,"TBA
",,,
original film,Spanish language,"TBA
",,,
original film,Hindi language/Drama,"TBA
",,,
original film,Action/comedy,"TBA
",,,
original film,Comedy,"TBA
",,,Sextuplets
original film,Drama,"TBA
",,,
original film,Science fiction/Action,"TBA
",,,
original film,Biopic,"TBA
",,,
original film,Thriller,"TBA
",,,
original film,Superhero/comedy,"TBA
",,,
original film,Mystery/thriller,"TBA
",,,
original film,Drama,"TBA
",,,
original film,Psychological thriller,"TBA
",,,
original film,Drama,"TBA
",,,The Devil All the Time
original film,Action,"TBA
",,,
original film,Mystery,"TBA
",,,The Earthquake Bird
original film,Romantic comedy,"TBA
",,,The Half of It
original film,Thriller,"TBA
",,,
original film,Drama,"TBA
",,,
original film,Romantic comedy,"TBA
",,,The Kissing Booth 2
original film,Heist film/Thriller,"TBA
",,,The Last Days of American Crime
original film,Superhero/action,"TBA
",,,The Old Guard
original film,Thriller,"TBA
",,,
original film,Thriller,"TBA
",,,
original film,Drama,"TBA
",,,
original film,Drama,"TBA
",,,
original film,Drama,"TBA
",,,The Pope
original film,Musical,"TBA
",,,The Prom
original film,Adventure,"TBA
",,,
original film,Horror,"TBA
",,,
original film,Comedy,"TBA
",,,
original film,Urban fantasy,"TBA
",,,
original film,Period drama,"TBA
",,,
original film,Drama,"TBA
",,,
original film,Horror/Romance/Fantasy,"TBA
",,,
original film,Animation/Musical,"TBA
",,,
original film,Horror,"TBA
",,,There's Someone Inside Your House
original film,Drama,"TBA
",,,This Lullaby
original film,Superhero/comedy,"TBA
",,,
original film,Musical,"TBA
",,,"Tick, Tick... Boom!"
original film,Drama,"TBA
",,,Tigertail
original film,Animation/Adventure/Musical,"TBA
",,,
original film,Drama,"TBA
",,,
original film,Drama,"TBA
",,,Uncorked
original film,Drama,"TBA
",,,Uncut Gems
original film,Adam Sandler,"TBA
",,,
original film,Adam Sandler,"TBA
",,,
original film,Ava DuVernay/Buddy film,"TBA
",,,
original film,Untitled Breaking Bad film/Urban fantasy,"TBA
",,,
original film,Urban fantasy,"TBA
",,,Bright
original film,Chris Nee,"TBA
",,,
original film,Horror/thriller,"TBA
",,,Death Note
original film,Biopic,"TBA
",,,
original film,Science fiction/thriller,"TBA
",,,
original film,Harlan Coben/Mystery,"TBA
",,,
original film,Jason Bateman/Action/comedy,"TBA
",,,
original film,Hulk Hogan/Biopic,"TBA
",,,
original film,Mark Duplass/Jay Duplass,"TBA
",,,
original film,Mark Duplass/Jay Duplass,"TBA
",,,
original film,Mark Duplass/Jay Duplass,"TBA
",,,
original film,Untitled Martin Scorsese project/Docudrama,"TBA
",,,
original film,Untitled Noah Baumbach project/Drama,"TBA
",,,
original film,Patrick Osborne/Animation/Fantasy,"TBA
",,,
original film,Animation/Action comedy,"TBA
",,,Rise of the Teenage Mutant Ninja Turtles
original film,Untitled Schulman/Joost project/Science fiction/thriller,"TBA
",,,
original film,Hip-hop/musical,"TBA
",,,
original film,Fantasy,"TBA
",,,The Chronicles of Narnia
original film,Comedy,"TBA
",,,Unbreakable Kimmy Schmidt
original film,Wyclef Jean/Animation,"TBA
",,,
original film,Hindi language/Drama,"TBA
",,,
original film,,"TBA
",,,
original film,,"TBA
",,,
original film,Crime drama,"TBA
",,,
original film,Action/Adventure,"TBA
",,,
original film,Superhero/Science fiction,"TBA
",,,
original film,Drama,"TBA
",,,Windfall
original film,Crime drama,"TBA
",,,Wonderland
original film,Comedy,"TBA
",,,
original film,Hindi language/Drama,"TBA
",,,
original film,Comedy,"TBA
",,,
original film,Western,"TBA
",,,
original film,,,,,
original film,Documentary/Short,"TBA
",,,
original film,Documentary,"TBA
",,,
original film,Documentary,"TBA
",,,
original film,Documentary,"TBA
",,,Fangio
original film,Documentary/Short,"TBA
",,,
original film,French language/documentary,"TBA
",,,
original film,Cyntoia Brown/Documentary,"TBA
",,,
original film,Maître Gims/French language/documentary,"TBA
",,,
original film,Nicolas Anelka/French language/documentary,"TBA
",,,
original film,,,,,
original film,Comedy,"Japan
","1 hour, 40 min.",,Bad Moms
original film,Horror/fantasy,"United States, United Kingdom, Ireland, France, Czech Republic and Nordics","1 hour, 37 min.",,Before I Wake
original film,Drama,"Selected territories
","1 hour, 35 min.",,Brain on Fire
original film,Comedy,"Worldwide except United Kingdom, Ireland, Australia, and New Zealand","1 hour, 36 min.",,David Brent: Life on the Road
original film,Crime drama,"Italy, San Marino, Vatican City,","1 hour, 43 min.",,Hell or High Water
original film,Drama,"United States, Sweden, multiple territories","1 hour, 43 min.",,Message from the King
original film,Comedy,"United Kingdom, Ireland, Benelux, DACH, Italy, Spain, Japan, India","1 hour, 32 min.",,Middle School: The Worst Years of My Life
original film,Comedy,Worldwide except the United Kingdom and Ireland,"1 hour, 28 min.",,Mindhorn
original film,Black comedy/thriller,"UK, Ireland, Italy, San Marino, Vatican City, Australia, New Zealand, Sweden, Czech Republic
","1 hour, 55 min.",,The Bad Batch
original film,Drama,United States,"1 hour, 36 min.",,Two Lovers and a Bear
original film,,,,,
original film,Hostage/thriller,"Selected territories
","1 hour, 34 min.",,6 Days
original film,Comedy,"Japan
","1 hour, 44 min.",,A Bad Moms Christmas
original film,Drama,"India, Hong Kong, Singapore
","1 hour, 56 min.",,A Prayer Before Dawn
original film,Drama/mystery,"Canada, Czech Republic, France, Hungary, Ireland, Japan, Lithuania, Poland, Slovakia, UK
","1 hour, 38 min.",,Before I Fall
original film,Action adventure,"Australia, Canada, France, Israel, Russia, South Korea, United Kingdom, United States
","1 hour, 34 min.",,Bushwick
original film,Romantic comedy,Worldwide,"2 hours, 4 min.",,Catching Feelings
original film,Crime drama,Selected territories,"1 hour, 50 min.",,Good Time
original film,Comedy/Romantic,Japan,"1 hour, 37 min.",,Home Again
original film,Thriller,"United Kingdom
","1 hour, 22 min.",,Kidnap
original film,Drama,"United States, Canada, UK, Italy, Benelux, Japan, India and the Nordics","1 hour, 40 min.",,Kodachrome
original film,Drama,"United States, Sweden, Czech Republic and select other territories","2 hours, 14 min.",,Mudbound
original film,Thriller,"United Kingdom and Ireland
","1 hour, 50 min.",,The Circle
original film,Action/thriller,"United Kingdom
","1 hour, 54 min.",,The Foreigner
original film,Action/comedy,Japan,"1 hour, 58 min.",,The Hitman's Bodyguard
original film,Horror,"Worldwide, except UK and Latin America
","1 hour, 34 min.",,The Ritual
original film,Science fiction,"Japan,","2 hours, 1 min.",,The Space Between Us
original film,Science fiction/thriller,"United States, Latin America, The Caribbean, UK, Ireland and Malta","2 hours, 3 min.",,What Happened to Monday
original film,Thriller,"Worldwide except Spain, Sweden
","1 hour, 29 min.",,You Get Me
original film,,,,,
original film,Science fiction,"Worldwide except United States and Canada
","1 hour, 55 min.",,Annihilation
original film,Science fiction,"Selected territories
","1 hour, 40 min.",,Anon
original film,Biopic,France,"1 hour, 51 min.",,At Eternity's Gate
original film,Spy/Thriller,"Selected territories including Japan
","1 hour, 49 min.",,Beirut
original film,Musical/comedy-drama,"Selected territories including the United States
","1 hour, 50 min.",,Dumplin'
original film,Adventure,"Selected territories
","1 hour, 30 min.",,Guardians of the Tomb
original film,Horror,"United States and selected territories, excluding Taiwan
","1 hour, 28 min.",,Malevolent
original film,Thriller,"Australia
","1 hour, 30 min.",,"My Teacher, My Obsession"
original film,Drama,Worldwide excluding U.S.,"2 hours, 2 min.",,Operation Finale
original film,Romantic comedy,"Selected territories including Japan
","1 hour, 44 min.",,Second Act
original film,Romantic/dramedy,"Worldwide except Australia, New Zealand","1 hour, 30 min.",,The Breaker Upperers
original film,Historical/drama,"United States, Canada, Latin America, Italy, Eastern Europe and Southeast Asia","2 hours, 4 min.",,The Guernsey Literary and Potato Peel Pie Society
original film,Drama,United States and Canada,"1 hour, 36 min.",,The Kindergarten Teacher
original film,Science fiction,"United States, Canada, Italy, San Marino, Vatican City, and Japan","1 hour, 37 min.",,The Titan
original film,Science fiction,"Japan,","1 hour, 44 min.",,Zoe
original film,,,,,
original film,Drama,"Selected territories
","1 hour, 45 min.",,After
original film,Coming-of-age/comedy,"Selected territories including France
","1 hour, 45 min.",,Booksmart
original film,Thriller,"Selected territories
","1 hour, 34 min.",,Close
original film,Thriller,United States and select other territories,,,"Extremely Wicked, Shockingly Evil and Vile"
original film,Science fiction/Thriller,North America and selected territories,"1 hour, 53 min.",,I Am Mother
original film,Romantic comedy,Selected Territories except the United States.,"1 hour, 28 min.",,Isn't It Romantic
original film,Comedy,"Selected territories
","1 hour, 49 min.",,"Oh, Ramona!"
original film,Drama,"Selected territories
","1 hour, 46 min.",,Serenity
original film,Action comedy,Worldwide excluding United States,"1 hour, 51 min.",,Shaft
original film,Drama,"Worldwide except Japan, China and United Kingdom","1 hour, 53 min.",,The Boy Who Harnessed the Wind
original film,Horror,"Selected territories
","1 hour, 30 min.",,The Silence
original film,,,,,
original film,Fantasy,"Worldwide except UK, Austrarlia, New Zealand, Germany, France and China",,,A Boy Called Christmas
original film,,,,,
original film,Crime drama,"Selected territories
","1 hour, 56 min.",,The 4th Company
original film,Drama,Worldwide except Spain and Argentina,"1 hour, 50 min.",,The Lighthouse of the Orcas
original film,,,,,
original film,Science fiction,"Worldwide except for Spain, Japan, Germany
","1 hour, 35 min.",,Orbiter 9
original film,Drama,"Worldwide except Japan, Korea, China","1 hour, 52 min.",,
original film,Drama,"Worldwide except Spain
","1 hour, 50 min.",,The Skin of the Wolf
original film,,,,,
original film,Horror,"Worldwide except Spain
","1 hour, 23 min.",,Animas
original film,Drama,"Selected territories
","2 hours, 2 min.",,A Twelve-Year Night
original film,Drama,"Selected territories
","1 hour, 41 min.",,Bayonet
original film,Comedy,"Selected territories
","1 hour, 35 min.",,Dry Martina
original film,Drama,"Selected territories
","2 hours, 2 min.",,El Potro: Unstoppable
original film,Crime/thriller,"Selected territories
","2 hours, 5 min.",,Gun City
original film,Teen/drama,"Selected Territories
","1 hour, 44 min.",,How to Get Over a Breakup
original film,Comedy,"Selected territories
","1 hour, 29 min.",,Jefe
original film,Drama,"Selected territories
","2 hours, 9 min.",,Mirage
original film,Thriller,"Selected territories excluding Argentina
","1 hour, 45 min.",,Perdida
original film,Crime drama,"Selected territories
","1 hour, 48 min.",,Pickpockets
original film,Thriller,"Worldwide except Hong Kong, India, Japan, Singapore, Spain, Thailand
","1 hour, 55 min.",,Sara's Notebook
original film,Thriller,"Worldwide except Spain
","1 hour, 31 min.",,Solo
original film,Drama,"Selected territories, including Sweden and United States","1 hour, 53 min.",,Sunday's Illness
original film,Romantic comedy,Worldwide except Spain,"1 hour, 40 min.",,The Laws of Thermodynamics
original film,Drama,"Selected Territories
","1 hour, 50 min.",,The Photographer of Mauthausen
original film,Drama,"Worldwide except Spain
","2 hours, 15 min.",,The Tree of Blood
original film,Comedy,Worldwide except Spain and Taiwan,"1 hour, 30 min.",,The Tribe
original film,Thriller,"Selected territories
","1 hour, 32 min.",,The Warning
original film,Drama,"Worldwide except Mexico, Belgium and Netherland ","1 hour, 36 min.",,Time Share
original film,Drama,"Selected territories
","1 hour, 31 min.",,When Angels Sleep
original film,Drama,"Selected territories
","1 hour, 43 min.",,Your Son
original film,Comedy,"Selected territories
","2 hours, 9 min.",,Yucatán
original film,,,,,
original film,Thriller,"Selected territories
","1 hour, 53 min.",,Blood Will Tell
original film,Comedy,"Selected territories
","1 hour, 37 min.",,In Family I Trust
original film,Thriller,"Selected territories
","1 hour, 32 min.",,The Son
original film,,,,,
original film,Comedy,"Selected territories, including Sweden
","1 hour, 40 min.",,Bad Seeds
original film,Comedy,"Selected territories, including Sweden
","1 hour, 42 min.",,Budapest
original film,Thriller,"Worldwide except France
","1 hour, 47 min.",,Burn Out
original film,Drama,"Worldwide except France
","1 hour, 45 min.",,
original film,Comedy,"Selected territories
",,,Girls with Balls
original film,Thriller,"Worldwide except France
","1 hour, 38 min.",,In the Shadow of Iris
original film,Comedy,Worldwide except France,"1 hour, 38 min.",,Journey to Greenland
original film,Drama,"Worldwide except France, Switzerland, Canada and the Benelux countries.","1 hour, 49 min.",,Lady J
original film,Drama/Sports,"Selected territories, including Sweden and Czech Republic","1 hour, 38 min.",,Mercenary
original film,Drama,"Worldwide except France
","1 hour, 33 min.",,Nothing to Hide
original film,Horror,"Worldwide except Canada, Latin America and Eastern Europe","1 hour, 36 min.",,Ravenous
original film,Drama,"Worldwide except France
","1 hour, 51 min.",,Shéhérazade
original film,Comedy,"Selected territories, including United States, United Kingdom, Canada and Sweden
","1 hour, 45 min.",,The Climb
original film,Crime drama,Selected territories,"1 hour, 21 min.",,The Crew
original film,Drama,"Worldwide except France
","1 hour, 55 min.",,The Wolf's Call
original film,Comedy,"Selected territories, including Sweden","1 hour, 45 min.",,The World Is Yours
original film,,,,,
original film,Thriller,"South Korea, Czech Republic and Sweden
","1 hour, 48 min.",,
original film,Drama,"Selected Territories
","2 hours, 17 min.",,High Society
original film,Action,Worldwide except Korea,"2 hours, 19 min.",,Illang: The Wolf Brigade
original film,Drama,"Selected Territories
","2 hours, 7 min.",,Jo Pil-ho: The Dawning Rage
original film,Thriller,"Worldwide except South Korea
","1 hour, 41 min.",,Lucid Dream
original film,Thriller,Multiple territories except South Korea and Japan,"2 hours, 16 min.",,Pandora
original film,Action/Black comedy,"Worldwide except South Korea
","1 hour, 41 min.",,Psychokinesis
original film,Action,"Selected territories
","1 hour, 41 min.",,Revenger
original film,Action,"Worldwide except Australia, Israel, Singapore, Thailand
","2 hours, 19 min.",,Steel Rain
original film,Thriller,"Worldwide except South Korea
","2 hours, 2 min.",,Svaha: The Sixth Finger
original film,Drama,"Selected Territories
","2 hours, 19 min.",,The Drug King
original film,,,,,
original film,Horror,"Selected territories
","1 hour, 45 min.",,Kuntilanak
original film,Thriller,"Worldwide excluding Netherlands, Poland, Turkey, Indonesia, Malaysia","1 hour, 50 min.",,May the Devil Take You
original film,Horror,"Worldwide except Singapore, Indonesia and Malaysia","1 hour, 53 min.",,Sabrina
original film,Horror,"Selected territories
","2 hours, 5 min.",,Suzzanna: Buried Alive
original film,Horror,"Selected territories
","1 hour, 47 min.",,The 3rd Eye
original film,Horror,"Selected territories
","1 hour, 56 min.",,The 3rd Eye 2
original film,,,,,
original film,Comedy,"Selected territories
","1 hour, 44 min.",,4L
original film,Thriller,"Selected territories
","1 hour, 35 min.",,A Land Imagined
original film,Drama/Norwegian,"Selected territories
","1 hour, 38 min.",,Battle
original film,Thriller,"Selected territories
","1 hour, 51 min.",,Boi
original film,Drama,"Selected territories
","1 hour, 47 min.",,Cities of Last Things
original film,Drama,"Selected territories
","1 hour, 40 min.",,Girl
original film,Drama,"Selected territories
","1 hour, 39 min.",,Joy
original film,Drama/Filipino,"Selected territories
","1 hour, 30 min.",,Maria
original film,Action/Adventure,"United Kingdom, Ireland, France
","1 hour, 47 min.",,Skiptrace
original film,Drama/Twi,"Selected territories
","1 hour, 20 min.",,The Burial of Kojo
original film,,,,,
original film,Drama,"Selected territories
","2 hours, 42 min.",,A Fortunate Man
original film,Romantic comedy/Arabic,Worldwide except Australia and New Zealand,"1 hour, 50 min.",,Ali's Wedding
original film,Drama,"Selected territories
","1 hour, 30 min.",,Alles ist gut
original film,Drama,"Selected territories
","1 hour, 35 min.",,And Breathe Normally
original film,Drama/Wolof,"Upcoming; worldwide except France, Switzerland, Russia, Benelux and China","1 hour, 44 min.",,Atlantics
original film,Drama/Filipino,"Selected territories
","1 hour, 50 min.",,Aurora
original film,Action-drama/Japanese,"Spain, Sweden, Poland and Czech Republic","2 hours, 20 min.",,
original film,Action-drama/Japanese,"Worldwide except Japan
","1 hour, 48 min.",,
original film,Drama,"Selected territories
","1 hour, 35 min.",,DJ Cinderella
original film,Drama/Malay,"Selected territories
","1 hour, 21 min.",,Crossroads: One Two Jaga
original film,Drama/Mandarin,"Selected territories
","1 hour, 40 min.",,Dear Ex
original film,Drama/Russian,"United States, United Kingdom","2 hours, 6 min.",,
original film,Fantasy/Basque,"Selected territories including Japan
","1 hour, 38 min.",,Errementari
original film,Fantasy/adventure/Japanese,"United States, United Kingdom, Sweden and additional territories
","2 hours, 15 min.",,FullMetal Alchemist
original film,Action-drama,"Selected territories
","1 hour, 37 min.",,Furie
original film,Drama/Filipino,"Selected territories
","2 hours, 30 min.",,Goyo: The Boy General
original film,Drama/Italian,"United States, Canada and Latin America","2 hours, 10 min.",,Happy as Lazzaro
original film,Comedy,"Selected territories
","1 hour, 46 min.",,Jaoon Kahan Bata Ae Dil
original film,Crime drama,"Selected territories
","1 hour, 29 min.",,Kidnapping Stella
original film,Drama/Dutch,Worldwide except the Netherlands and Japan,"1 hour, 38 min.",,Layla M.
original film,Drama/Hebrew,"Selected territories, including Sweden","1 hour, 40 min.",,Maktub
original film,Thriller/Mandarin,Selected territories including the US,"1 hour, 46 min.",,Manhunt
original film,Comedy/Turkish,"Selected territories
","2 hours, 1 min.",,Money Trap
original film,Horror/Malay,"Selected territories
","1 hour, 44 min.",,Munafik 2
original film,Drama/Georgian,Worldwide except France,2 hours,,My Happy Family
original film,Drama/Hungarian,Selected territories,"1 hour, 57 min.",,On Body and Soul
original film,Drama/Malay,"Selected territories
","1 hour, 55 min.",,Paskal
original film,Drama/Malay,"Selected territories including Sweden
","1 hour, 58 min.",,Pulang
original film,Comedy-drama/Japanese,Selected territories including Sweden,"1 hour, 58 min.",,River's Edge
original film,Drama,"Selected territories
","1 hour, 49 min.",,Rock My Heart
original film,Drama/Arabic,Worldwide except Israel,"1 hour, 28 min.",,Sand Storm
original film,Teen/drama/Italian,Worldwide except Italy,"1 hour, 40 min.",,Slam
original film,Comedy/Swedish,"Worldwide except Nordics, DACH, Japan and Luxembourg","1 hour, 48 min.",,The 101-Year-Old Man Who Skipped Out on the Bill and Disappeared
original film,Thriller/Dutch,"Selected territories including Sweden
","2 hours, 3 min.",,The Resistance Banker
original film,Crime drama/Italian,Worldwide except France,"1 hour, 30 min.",,The Ruthless
original film,Drama/Mandarin,"Selected territories
","2 hours, 5 min.",,The Wandering Earth
original film,Drama/Mandarin,Worldwide except Mainland China ,"1 hour, 59 min.",,Us and Them
original film,,,,,
original film,,"Selected territories including Japan, the United States and Sweden
",30 min.,,Angela's Christmas
original film,,Selected territories including Japan,"1 hour, 45 min.",,Big Fish & Begonia
original film,,Selected territories including the United States,"1 hour, 29 min.",,Duck Duck Goose
original film,,"Worldwide except Japan
",,,Flavors of Youth: International Version
original film,,"Worldwide except Japan
","1 hour, 40 min.",,Godzilla: City on the Edge of Battle
original film,,"Worldwide except Japan
","1 hour, 29 min.",,Godzilla: Planet of the Monsters
original film,,"Worldwide except Japan
","1 hour, 32 min.",,Godzilla: The Planet Eater
original film,,"United States, Canada, Australia, Japan
","1 hour, 25 min.",,Gnome Alone
original film,,"Upcoming; worldwide except France, Turkey, Benelux and China","1 hour, 21 min.",,I Lost My Body
original film,,Japan,"1 hour, 34 min.",,Kung Fu Panda 3
original film,,"Worldwide except France, Belgium, Luxembourg, Switzerland and Canada.","1 hour, 11 min.",,Pachamama
original film,,"Austria,","1 hour, 24 min.",,Sahara
original film,,"United States, United Kingdom, Ireland, Australia, New Zealand","1 hour, 46 min.",,The Little Prince
original film,,Selected territories including the United States,"1 hour, 25 min.",,White Fang
original film,,,,,
original film,Documentary,"Upcoming; worldwide except Canada
",,,An Afternoon with SCTV
original film,Mentalism special,Worldwide,"1 hour, 13 min.",,Derren Brown: Miracle
original film,Mentalism special,Worldwide,"1 hour, 9 min.",,Derren Brown: The Push
original film,documentary,"Worldwide except Spain
","1 hour, 28 min.",,Dying to Tell
original film,Stand-up comedy/concert film,Worldwide except United States,"1 hour, 36 min.",,Kevin Hart: What Now?
